x1,x2,x3,y
0.21830835473735188,-0.8801210894053431,0.003986999816390835,1.693053602573826
0.05495111062892244,0.829584213178933,-0.1380793162378715,2.736784608477448
-0.42665609455544407,-0.7525178501053238,-0.9895954772149747,-5.828859290134966
-0.6260438070986132,0.30203856077390845,0.046451503364770774,-1.3610280566509192
0.47031181962843216,0.8711751390630071,-1.0,-0.49198881582508447
0.08078641710284495,-0.37196841901800126,-0.6416180642071843,0.6243026078587568
-0.20179142085019008,-0.08897246058456298,0.5887919580250429,-0.7437532378024958
0.07470228992783623,0.605144691552969,0.3358578884113179,0.17252780293662262
-0.996372008362318,0.9594210404424248,-0.6213668071362748,10.207954199557513
-1.0,-0.9846419576307786,0.6241510669778965,13.480686906768627
-0.8421925277570124,-0.08488251856349849,-0.09787729966527214,-1.96581507272709
0.15147559591760085,0.138017913411409,-0.38467534262665604,0.7716780089052331
-1.0,-0.25298004606571634,-0.4557568633802551,-1.4779369893926548
-0.5690007327622446,0.40141361023389766,0.08626015854362312,-2.4646939022952408
0.6984877337154771,-0.2754740529609536,-0.9529914527143037,-1.3510368593048352
-0.08264963596721997,-0.214997926356298,-1.0,-2.910714202707141
1.0,-1.0,-0.5057273065466159,-10.441111308914971
0.947471682957377,0.20208505304798607,-0.18077224962391014,3.9912487371917154
0.10603784598886157,-0.47274612747694134,-0.14060646189048898,0.9810721159788857
0.04474955643890666,-0.6127509182910469,0.8835746823168973,-1.4368219148475594
0.9587429709574606,-0.5278988495287025,-0.36391648886166794,3.155399499981258
1.0,0.6230770822094853,1.0,24.218316254757937
0.013619483502252727,-0.32104641752954755,0.8221444447457518,-0.5280114462381713
0.26467752488846297,-0.2425903785847583,-0.03305755847488112,1.2045214064152454
-0.5882065593661925,0.6164717982732495,0.17849359787562635,-1.5217136630811723
-0.7379358754543228,-0.9111793519602798,0.203802674273879,4.43413670715594
1.0,-1.0,-0.7044087080251327,-14.50576138929794
-0.503441930678109,-0.08017056191735294,1.0,1.1746655192940734
0.7666153553240667,-0.4268334452178937,0.4843029691823024,1.8015875954060783
1.0,0.27180709739126385,0.12632241215092033,6.2907288720123455
-0.06611334169332617,1.0,-0.16804706169112382,7.973746014391606
0.4175521092437866,-1.0,0.5377242859955367,-0.1760316337024554
-0.4897830978984785,-0.9797673124636495,0.6320414925216156,2.2089017121795727
0.3188936613218858,-0.6170499158000788,-0.9588432580221378,-6.010025131100916
0.4721077807759546,0.4625829840526787,1.0,3.172497641467713
-0.10481264056833695,-0.24166590851822978,-0.21206724391695375,1.096052498415131
-0.21798397183639429,-1.0,1.0,-5.970618745271904
-0.49185105621371594,-1.0,-1.0,-11.728694517028627
-0.02266555203655507,-1.0,-0.5035083419013264,-0.25716561993988446
-0.8677593734632583,-0.3595382854410556,-0.22544682623731482,-1.3900131294475997
0.8486813488389873,-0.0022969041294373937,0.6082805713320012,4.091011300572232
0.4556742184973319,-0.42628465988397424,-0.5698174529420275,1.1471389152430418
-0.1728523165134972,-0.29027622185343493,0.5436151565856375,-0.11338990637070528
0.5006617847359416,1.0,-0.2857409905137549,9.796673365750882
-0.5338824693428346,-0.2675113509405209,0.21526598355981785,-0.41049683887236177
-0.8865399605138273,-0.38169498045745254,0.9466810959194196,2.6969208344764857
0.4459145986332631,0.7217238636946075,1.0,5.85276608820926
-1.0,-0.3733436859981285,-0.12277486792465853,-2.268739079740988
-0.07118237154818496,-1.0,-0.06354691282510405,2.8653863443581113
-0.28799140739979,0.25233346530702483,-1.0,-2.9168054534776964
0.15608753129036734,-0.8174309564456113,0.1770889998836933,2.0373665774757472
0.06662018689072347,1.0,-1.0,3.775043642897017
-0.3783634570178278,1.0,0.5132394748593696,7.6929702764150125
-0.4470000446977811,-0.22402087471936705,-0.14980830802311718,0.8053368874564636
-0.0692931912236967,-0.4302464397876131,-0.3835146030009302,0.7718440870718242
-0.20613042989614416,-1.0,-0.8422762415799214,-7.911228372415042
-0.6284424047042574,-0.1125047785175719,-0.30929632540024166,-0.2842162455762665
-0.5087971248260776,-0.2831347191872886,0.469557708756811,0.14713186934384348
1.0,0.16410184126174587,-1.0,9.86066245247459
-0.751233421560145,-0.8676595673469798,-0.546535006751188,3.137570908758041
-0.9647721523274566,-0.5361867893713261,-0.09128329302744143,-0.8526902747235403
0.8657848405998507,-0.6705602780483702,0.16341972405199767,1.1027818495202684
0.45793071479883873,-1.0,-0.9822437626025426,-19.83520853208422
0.2807818742324424,1.0,0.8025732499221538,9.049068292210041
-0.5978280810605179,-0.4209955270732746,-0.0239723503742717,0.47884770782071895
-1.0,1.0,-0.364442170650936,11.368226718403598
0.07041196571369568,-0.5119899514830015,-1.0,-6.541398895979131
-0.46744207345794453,-0.6713121829368545,-1.0,-4.393148865138076
0.31540440336975273,1.0,-1.0,6.31405629735461
-0.5248865419537483,-0.4659836828324311,0.759335462494928,1.4983444365949616
1.0,-1.0,1.0,-9.26390421668082
-0.4289042729178256,0.6699379123460178,0.28812236658373047,-1.6479709576716548
-0.5193986723928272,0.9249586764386659,0.33387509471567367,2.6303088740705203
-0.8411818951480123,0.4991388724177497,-0.7112352770602555,0.17431885592071816
0.3021014777879336,1.0,0.15910816101185188,7.720251460295513
-1.0,0.21934097943292374,-0.10827180164721462,-3.6355139668783654
-1.0,1.0,0.7764895507148244,2.1465569497679633
1.0,0.39388564354400546,0.4060763235400602,8.216413578970313
0.43615958961840384,-0.7851396563344508,1.0,-4.72367878142035
0.34168926919451614,0.7291209718590803,-1.0,-1.9201959434886164
0.7534664740252801,-0.7421489578059903,0.5237594578687097,0.8607101041202365
-1.0,-0.1213975223268775,0.2724944684411994,-3.601042879756926
1.0,0.6371938187877186,-0.3071102381926403,6.279004570025661
0.051021885414115564,-0.7103311577255236,-1.0,-8.3329655511237
1.0,-0.820415581150792,-1.0,-8.80298114270411
0.5839080180532847,-0.1346867915010994,-0.18635120592878973,1.3417820620606302
-1.0,-0.7116008229539221,-1.0,5.694786834645458
0.4716351677708537,-1.0,-0.056248746801897065,-0.4483865221425195
0.6290507802267356,-0.14104594056138553,-0.636827787232038,0.8555871891384831
0.3221049391384374,0.1457003125201155,-1.0,-3.7551191086615434
0.34443864382884115,-0.9053632664957934,-0.9276199166809815,-9.485597165641364
-0.13528054274810852,-0.6883175477271108,1.0,-2.07968568488729
0.6751363785306166,-0.5925302110856125,0.11744328968840789,1.613862809157919
0.38332785187516594,-0.4154144235773325,-0.507771284950902,0.451692494182674
0.9805732885626832,-0.49408518143438496,-0.687806322624118,4.495503039721145
-1.0,-0.3544389548738751,0.18830141850090154,-2.626806711718514
1.0,0.05155540216623944,-1.0,8.855555425632017
0.12844126713141124,-0.1391406491375684,-0.4527677886110022,1.1044192736992369
-0.5594172228794152,-0.536943735908884,-0.06473469614199012,1.098361012534977
0.6590715265948053,-0.17780631695070026,0.17002411396759576,2.4679573158915993
-0.08429979136846155,0.7159057314606012,1.0,6.755631876984257
-0.5126391503097536,-0.8459761760596873,-1.0,-6.716554998482696
1.0,1.0,0.9130502015380229,21.89890550116997
-0.08587431313932914,-0.6702962455270975,-0.356632687354387,1.2750687870422246
0.6928430313486122,-1.0,1.0,-7.052372264681508
-0.6858140078916717,0.707540172047316,-0.07566591307468484,-1.618277806064859
0.9207932117595274,-0.5664464838949645,0.4782666479951758,2.722164204517243
-0.015162519348708825,-0.0607888294984813,0.4210848569785919,0.9652860149544971
-1.0,-1.0,-1.0,3.9219856614021937
1.0,0.32523798478799004,-0.5300573188435507,4.809146143291678
0.003458777023175097,1.0,-0.9025496287566577,6.4620297881797875
0.1667081112569846,-0.1690142248989861,0.35244762596580825,1.2487494229797997
-1.0,0.040144383452648924,0.5218445281827895,-3.7746289745563795
-0.07458055165466271,0.060874515423660513,-1.0,-4.0884227999816005
0.08103481275105096,-0.7661393172268041,0.28136350364800644,1.4915134333064668
-1.0,0.5634129194463484,-0.016170824257672356,-3.294136185597358
0.1283403614841785,-1.0,-1.0,-17.43243462719968
-0.49365207188809035,0.393410032077127,0.3935555901637888,-1.2614960436598934
-0.06905575059506153,-0.46808837863882746,-1.0,-5.5914556869619005
-1.0,-0.07137196463312634,0.34648771550117563,-4.468696328929353
1.0,-1.0,0.8661747226882064,-6.575743294874805
0.14428250493940986,0.07563833104837725,1.0,0.331995635706251
0.32722489356613504,0.6569962193483261,1.0,5.8464680295407465
-0.49617917758944374,-1.0,-0.589971955789999,-0.27032467274096483
0.3046341210047321,1.0,-0.613917656612222,10.795980242970861
-0.5931435542292915,0.4053016709895272,0.7060254932752279,-0.520769704691745
-1.0,-0.4048128682462788,0.49887666288284627,-0.8858740520293651
-0.687088135212029,1.0,0.26221664517820087,4.521917128734298
-1.0,1.0,-0.1232346562414881,9.464501446147528
0.23175558381635875,1.0,1.0,10.489108507243266
1.0,0.7367011669537586,1.0,26.042459173607185
0.692606673709872,-0.21250386641725783,0.5316605665654563,1.356893867357623
-0.08347011977050833,0.30004060683024236,-0.6187571351086156,-0.528172351746159
0.013350176250766177,1.0,-0.38495594104727693,8.742516151919222
0.7148461171967035,0.7057211094116378,0.17230856656328242,2.399925608411671
0.38719539883272924,0.6438932621787081,0.5705002841862146,1.576940251058749
-0.8754869325243384,-0.8390926418457947,-0.4834081329025006,3.4556149656233477
-0.6683810891351067,-1.0,1.0,1.5944641883478252
0.8061651728959693,0.8159668014966923,0.5523844014962922,6.350901676236391
0.06254457867692542,0.06114628921342602,0.33836092975787624,0.574306887730214
-0.42768176675222325,-0.187283218524253,0.422415513962213,-0.555262228008545
0.728507245967585,-0.9494994833540709,0.3802364412758963,-1.198101431277934
-0.2907956124759534,-0.2728659027859104,1.0,-0.01647992761469208
-1.0,-0.46038275583284927,1.0,7.994365788688682
-1.0,0.09209801589708588,-0.026064906554935208,-4.691856722571479
-0.050404200631144924,-0.3621459359267343,1.0,-0.9356560200009401
1.0,-1.0,0.9835653239645905,-9.25129986499428
-0.6655858843078422,0.37129124186898754,0.2345753560991195,-2.9116940131490834
0.2332369310937321,-1.0,1.0,-7.378796151538922
-1.0,-0.5552369808718547,-0.05400969355121066,-1.5587333701302657
-0.21420205801119518,-0.7659201329482581,0.5413135784903518,0.48575788019823024
0.25500725735873164,0.39089199388786655,-0.7015800770369904,0.22685739677108818
-0.8651512376627504,0.28458981155595087,1.0,3.485344962568748
-0.3147255766830592,-1.0,-1.0,-14.478055476955934
0.28751373815676606,0.8976974063422389,-1.0,-0.11156100793821239
0.23984466015541073,-0.5138482547455747,-0.212277848169663,1.0023549732325674
0.1250876352449486,-0.3678101224107515,-0.8557601264477059,-0.94563291627034
-1.0,0.48742610457097046,-0.021743080002206483,-2.9846138422625623
-0.21606199744265053,-1.0,-0.024423955486978066,2.863400755010254
-0.8494817797825627,0.7062454961471023,-0.35485187862305767,-1.1120211744331103
0.31546060867941583,0.44810016337989844,-0.19174606493366997,0.8624344957510722
1.0,-0.40408286045396213,-0.43837975965908615,4.848991313335153
-0.771413729651869,1.0,0.17058750979754533,3.5171540291226746
-0.5121384280634116,-0.305817158594879,-0.47264037612004417,0.6476673041722056
0.7066946689983631,-1.0,0.9248049522107034,-5.636478201485615
0.4503031517586127,0.7338011573887655,-0.23268000737353356,1.852461183102734
-0.004310886244327072,-0.5034368474057631,-0.8732763143920761,-1.9737927268232474
0.2724155850486374,0.49605127314781683,0.8363058284378309,2.641831220173036
-0.6184567421093297,-0.8631510461581409,-0.3870661423049413,2.2130537866056765
0.25714101112352394,-0.8630425121998369,0.17586372147325613,1.1188831979815066
1.0,-0.27999584266282507,0.34345774029537157,5.521481950102805
-0.061780507998666856,-1.0,-1.0,-17.399224200514414
0.44624411346743353,-0.08755063228964288,1.0,-0.969886126821399
-0.21036459580886935,1.0,1.0,14.833804553171802
0.4456468927284305,1.0,1.0,10.44826861264486
-0.8700788986937751,0.4036585410944207,0.21062366960532564,-3.395075077794795
-0.6581516695728302,-0.17041495850219568,1.0,1.8311833326192686
-1.0,-1.0,0.8490626865875863,18.344615917310737
1.0,1.0,0.4660622816544817,13.92708841819381
0.22435724879874241,0.6390093474382217,-0.3179604396170572,1.0134902234249974
0.7438737475608861,0.3337666099179015,1.0,5.509312104469348
0.15277623890667336,1.0,-0.7847596269218313,9.484029240066098
1.0,0.465582597386508,-1.0,12.787791550237062
1.0,0.129587889092464,-0.8056917968379023,6.872253256469159
1.0,-0.1296433895911353,1.0,9.569656499317283
-1.0,-0.6230098554957821,-0.5580083830279114,-0.24432972947887555
1.0,-0.3847961377231224,0.7766812087071644,6.295425678829839
-0.2052861544087623,-1.0,-0.6401649203051134,-1.8706613097043407
0.005684393643419439,0.21368301640024923,-0.4156163931008794,0.768932165378988
0.13251338414703628,-0.8767546638318002,-0.21229419180474784,3.3152018909118235
0.8691111544258936,-0.18216225936654284,-0.19768917170605138,3.031307195767095
-0.26993058983831975,-1.0,0.7979875940388066,-1.5924471282777386
1.0,0.05053767484167038,0.42782040247736974,6.318481852569079
-0.15351268263983808,0.3087092893812542,1.0,1.884535857350474
-0.8860052690427946,-0.07647002751991172,1.0,3.681892943052984
1.0,0.44000475625302715,-0.5813078322018386,5.214759520713583
0.3787457702869168,-0.17727500911587835,-0.5381412230918554,1.1448545511058776
1.0,0.10766108045143019,0.6175587748063203,8.462554371310317
0.44753963260004825,0.6524684589664258,-0.10267479026451665,1.0168070218102783
0.9362450103812356,-0.0618517335307176,-0.9231227649005924,5.215354982510373
0.24663482822298932,0.8638058130845139,1.0,7.667389040770857
1.0,0.9538431828691907,1.0,26.636424068159503
-0.2028273599993926,-0.7082933241279834,0.15010177211331932,1.3179315845778719
0.5681657823847428,-0.7119946555824226,1.0,-4.021135137685125
-1.0,1.0,0.1787755077076172,4.485944727448713
-0.6209597585209012,-1.0,0.5600180588519383,4.0428607536792605
-1.0,0.08388042096999637,-0.5660444717811906,-0.8765732394460677
0.4795648671189423,-0.7699850604630789,-1.0,-11.746012240917535
0.702307984207228,0.18274317449593513,-0.08746366257101745,2.3372236578571317
0.9884659997120453,1.0,-0.09686801432646219,14.441260249470334
-0.15858069577471312,-0.20045256056999183,-1.0,-3.3101823857243597
0.10647581179103294,1.0,-0.1545182226123598,8.65226137800484
1.0,0.470086447020845,1.0,22.034636013901345
-1.0,-0.9060370890740317,0.39480626100265415,8.260221803894657
1.0,-0.026701130748448598,-0.0768512132920598,4.537688450701667
-1.0,1.0,1.0,17.17171787117241
0.37060802040993024,-0.6267499051507275,-0.7154068957886726,-0.31875187103225144
-0.6168695693184276,-1.0,1.0,-0.4280593634164761
-0.9072564227825723,0.5601340745225645,-0.6681606763965973,1.5789009805359182
-0.6801948888029821,0.5618773435232367,0.4568224100653018,-1.5836101053266645
0.6485886430910661,0.3721068396025531,-0.39557594622551084,1.2812138489956253
-0.15687500879652605,-0.3273427034293337,-0.03482046708754227,0.167368469764278
0.019425957823901996,1.0,-0.9837394153930663,4.504672915032924
1.0,-0.026425802655558606,1.0,11.623016447380873
-0.16197240120135992,-0.903620995282469,1.0,-4.119376609525005
0.3789969397351409,0.4770641231698056,0.09118640916289666,1.123105387580579
-0.9589394873465091,-0.43529000173011134,-0.14813840550485557,-0.8127313162249621
0.294806039909681,1.0,-0.2461305442878685,9.727150397809627
-0.11343059013198875,0.4143655509124391,-0.5402159614386788,0.5503958942472869
1.0,-0.1918932107583835,0.6744888994520548,7.428463320719838
-0.2261677615574511,0.13101494938074332,1.0,1.4001753643322334
0.15655922693538615,-1.0,-0.27871266879284096,0.4252446710069663
-0.23683415936218255,0.2776158566485123,1.0,2.1571397742452936
-0.6877909764355807,-0.7550602480697219,0.2163160472687582,1.829907255726452
-0.6915191993470011,-0.17945340341594251,0.17844717473466232,-0.8172199880665278
-0.9578581646507653,-1.0,1.0,17.564770020993272
0.7718810287695845,-0.2856628324213242,0.613616671603618,2.7294344154706818
0.3296308668458019,-1.0,-1.0,-19.224315416154592
-0.2678881825794315,-0.03153165022742632,1.0,0.08909735375931482
-1.0,0.02086019452499599,-0.569119746388463,-1.5844389879738228
0.4542361254802867,-0.5147979351015393,-0.5151951070235146,1.0158915606422332
0.021414670864076335,-0.0995664943435679,0.7841139864468414,0.11217296066754567
-0.1215797897252251,0.13302523240672026,-0.6467014265631899,-0.17573528486174206
0.43435708018309005,-0.09602869801550162,0.9365321468784851,-0.7885006039297098
0.48253579940986824,0.8865135801744559,1.0,8.075856293393432
-1.0,-0.5545195564428991,-1.0,4.857226218568989
0.41352276637889473,-0.575632448058149,0.7954066921336767,0.14170779610597317
-0.43387282905852675,0.3510414372281252,-0.16786061616189518,-0.7689852494801717
-0.328442454835874,0.4209146269084665,-0.4190003474459132,-0.04952470406138898
0.06680160132844226,0.8634740461816783,-0.08088731935553328,2.4048915400524358
-0.2143163936261976,-0.7842346670160885,-0.9599989534452675,-6.798122428812582
0.03051575053214428,-0.28952158937454575,0.1504774554371484,1.3410959460403193
0.8314623116746134,-1.0,1.0,-6.993641790023789
0.8382872361528009,0.11819690238533398,1.0,6.831141621204256
0.34437586788002084,0.12690772295487562,0.27059029738324547,1.1734518560735632
-0.9283820874957418,1.0,-0.582613425971696,7.592405993250579
0.44464282805757005,-0.8099490205648219,0.16931036234489927,0.8398681519867139
-1.0,-0.9840065170210692,0.5845505587258195,12.516158293069768
1.0,-0.10033058531264638,0.630227481947891,7.443687274544593
-0.19888758297917608,0.417289593784824,0.34340325005505545,-0.16606375178582608
0.20932698019926166,-0.280635587589797,0.3208851397647372,0.09804364736595816
0.1597708800354547,0.14336418552000274,1.0,0.2690584221529453
0.5240503079363417,-0.18921753639852024,0.7355447584339667,0.5729080605743747
-0.23722361076380372,0.8691511472070161,0.4132999721727222,2.7080866286701557
0.35942205938609373,-0.672412937893277,0.8471922888183407,-1.025111491931171
-0.46708495868971767,-1.0,0.8751651865686536,-1.560551227105208
-0.9615115600429649,1.0,0.5727716914642409,1.517873332785507
0.8501457048679035,0.054932786767320385,-0.3836241679052397,1.934690471829378
-1.0,-0.2805771987060972,-1.0,7.3396757426930055
-0.5331191297268536,-0.2775429109728187,-0.5051363512010048,0.3500858407214483
0.3160843591113769,0.013783550597544547,0.34079729203286435,1.7004065664552035
-0.4197486997420925,0.025841470889688356,0.8692597320125406,-0.2359940561682759
-1.0,-0.4647663161388491,0.04506938831636664,-1.998139070196918
0.3556071882108218,-0.7735706264685136,-0.10769210751318781,2.0116054959110015
0.5637273910877916,-0.6250452434005642,1.0,-2.486599851265284
0.2934664636603168,-0.7972212179633227,-0.42873401561346514,2.2814277332978214
0.4648707089120001,-0.5140504904955072,0.03015185909025697,1.6384983235018353
0.743384006563548,1.0,0.2719742600182997,7.148911981452731
0.15624857968493377,1.0,-0.7552076243839045,10.064609622748106
-0.6729342795113391,0.5568913827549875,1.0,5.241091375831335
-0.017493080727264188,-0.29339346061903715,0.19557572205849838,0.7931038424042443
1.0,-0.15259116059964173,0.33199024430977575,5.268777607938016
0.6968730797537825,0.4828454113087268,-0.9422414713689409,0.7871137824220684
1.0,-0.6936646034002578,0.5619877238221069,3.8745148400689926
0.5500806982291819,0.1694590188297065,0.08898592505520275,0.9427533101173415
-0.5959778822760853,-0.3068998523328965,0.3144818234791009,0.5109152645266873
0.05621913984446403,0.6015622143873942,1.0,4.324227315073177
-0.5666877950315372,0.18852326201223368,0.006432541108104095,-2.0199537416702493
-1.0,-0.9573121521130679,0.9476598846078748,19.13834638652982
-1.0,-0.39203018720542904,0.4669018514581098,-0.9055535920179228
-0.2575167931791731,0.8889913962008156,-1.0,-2.04577657916173
0.3090404556926183,-0.7521175539317564,0.667908559699572,0.15400402263661278
-1.0,-0.36809087097860926,-1.0,5.9351879009266115
0.6403639997250248,0.18635486909112942,-0.3607986797371703,1.6985633834077078
-1.0,-0.8036848774258332,1.0,16.04996563594563
-0.9086310272432709,-0.21146786820239072,-0.24529671960067412,-0.6343233737238044
0.6148535514956763,-0.3626960065198326,-0.7543846328380543,0.8188804170541643
0.5902965188652343,-0.5100339238270333,0.560509782404571,0.6625790889832452
-1.0,-0.5232997803940449,1.0,9.590056118998444
-0.13064526115531416,0.7127050516020337,-0.5369010871837936,1.5261607775446737
0.557999370360895,-0.683711717422312,0.0862338573427579,0.8602795684567052
0.344101635672579,0.13811808101281509,-1.0,-2.8999913964808313
-0.29943013856082423,0.0885526395753935,-0.49145796169648226,0.22266942958292052
-0.5403785684366142,-1.0,-0.2055001130256935,3.2698928030179424
-0.6573046987642053,-0.6389061977857471,0.4431798852217348,2.1907531251150614
-1.0,0.4105649169429708,-0.5056005236804435,-0.15542744511770534
1.0,-0.4690037917854577,0.4595195277451094,5.066463786893467
-1.0,0.6322576407367055,-0.41711046125266793,0.5195617894866269
0.025283807215668475,-0.07414006671261864,-1.0,-2.6709029834112235
0.5031487017247174,0.3317898357708451,0.48892979649657575,1.4166416584843489
0.833878798192963,0.5107336614218152,-0.667010626325891,3.2485913130921134
0.45548460042810834,0.7553378818191561,-0.013229852404357478,1.8800386549234311
-0.14796882969708736,0.10747131308039504,-1.0,-2.360686641191827
0.336807692168515,-0.2842675507298986,-1.0,-4.600385017051517
0.7614150108038202,-0.49227553471994967,-0.496985795774731,1.6180082294578044
0.5287335077300062,0.31197429805264587,-0.1048357319029829,1.445059291571823
0.3756956788137582,0.5572067794814917,-0.34323486734319153,1.5041957755928257
-0.5121631702789322,0.8744403096624931,0.8252985844071323,5.27844082670675
0.1806903398328008,0.5080802652052372,0.15921172105954584,0.14505237861562614
-0.8754025060193751,0.0610401808062635,-0.8311266597544209,2.3893285686971684
-1.0,-0.23299424415673609,0.6470696752144807,-1.5707652674081074
0.7241736740824092,0.21797842152838842,-0.1420634230785447,2.1789873207966073
-0.13759987067150248,1.0,-0.8089156012342908,7.864332007900043
0.3192928780180362,-0.3205043623435291,1.0,-2.4157517028041404
-1.0,-0.9906431975264134,-0.7902659024610323,3.179776920373478
-0.25145787382273843,-0.8112653974083379,0.6486704532926593,0.36944734649795297
-0.9342050860526228,1.0,-1.0,12.527407291838921
0.5359046738593569,0.05005551677434861,-0.7905701517527945,1.3241013935628387
1.0,0.9933960794135033,0.04767680780056627,14.719360625086916
-0.9503599578937219,-1.0,1.0,17.154769741973304
0.03776954373482555,-0.2816798330427519,0.7212890410852864,0.4525002897306926
-0.7173822256926832,0.8163703375268221,-0.04963774383067543,-0.8000937405422033
0.9811370984508698,0.9453484305167845,1.0,25.033858059182588
0.08176365564285026,0.5244282818524302,0.25070081762409835,-0.19142758362082468
0.03993385896556223,-0.6942815649923053,1.0,-2.3192522508453037
-1.0,1.0,0.451344926462071,2.2216885382588263
1.0,-0.37442498445328254,-0.21723790318870506,4.732975631091046
-0.010971408677734162,0.00012215193981157668,-0.02024255083861215,1.1716849755713015
-1.0,0.7449746331806539,0.4436419016792237,-3.00696759438145
1.0,0.9343950295889543,-0.5891570127827903,16.84528266015212
-0.6819647187945308,-0.7567571366279495,-0.866778045358165,-0.08654840383544093
1.0,0.9630768600579425,-0.6534494577046395,20.26099920189264
-0.48275021728091816,0.7407110985653023,0.796831455501569,3.122843569650977
-1.0,-0.26800080695284234,-0.14280610896026902,-3.8536484966993108
-0.4623799831716453,-0.3985591536107349,0.016671483308372093,0.8923796105878218
0.38998806337696723,-0.7903647276128303,1.0,-3.7159509378904256
-0.6233779276844233,0.6162582684866698,-0.20832662276718095,-1.9282227263691083
0.7460959327783956,-0.3486053372777471,0.7843402219394167,0.8956403182320638
-0.3076265100578701,-0.18338171589813723,-0.15704522804659993,0.7115135217235523
-0.6403821883903873,-0.7766004117300949,-0.5778559976271638,1.5649212388798748
-0.2561019273198315,-0.06135853283635684,-1.0,-2.886953995681616
0.060221309865373884,-1.0,0.9256995049443861,-5.29371675256586
0.3512897718693917,0.7399273977262817,-0.35195744901763315,1.2646089462958157
-0.8061640713600635,-0.46136074108233616,1.0,4.034810684726443
-1.0,-0.045169970300742435,0.6107417616414161,-3.2802320551564494
-0.07609913308674132,-0.18851328204557705,0.2088425461593002,0.005104778484749994
1.0,-0.9187867268466046,0.7537704107054086,-1.7386921280584944
-1.0,-0.702410719484527,0.7895104805517739,8.382808627131968
1.0,0.5058421444221377,-0.27046698007824777,5.921634116308197
0.010852918446846438,1.0,-0.12978291505572437,8.525409601379536
-0.20305299531059862,0.9778920924885361,-0.5449892914114869,7.435041509870492
-1.0,-0.682855574199422,0.784003058390484,7.358711316592305
-0.39895256704795923,0.1618126808834781,-0.7941848125861599,-0.06715740595822722
1.0,0.10719391228960595,-0.3042032456917192,4.453549106427035
-0.17681976513488462,-0.6705000815234454,0.33346361811162817,0.11885539364934072
1.0,0.8311896344316838,-0.7010545255762981,13.542861356997353
0.0717735155204402,-0.9475532960681494,0.5179372247244445,1.6350018618427655
1.0,0.8164026662799932,0.2530372228355313,10.187863744779428
-0.9591957763149248,-0.7297758778792205,-1.0,4.0305531444044345
0.009825942729706272,0.30745413260697774,-0.6025135866124225,0.04483242275597693
0.9410345594182139,1.0,-0.8002842622710364,23.852185347715817
0.08453479210483472,-0.49222994023292,0.2338917257124331,-0.17115792221592474
-1.0,0.5722619450578279,-0.7084881503158214,5.221553840495156
0.02994215528167299,-1.0,-0.5063652133933592,-0.9514203597674578
0.3899166874847826,-0.18011357922572135,-0.8240688680871293,0.6990408304390607
0.6755308908378206,-0.3343736912867994,-0.12130609363793599,1.3501154048633797
0.19890220026969785,-0.832004147892861,-1.0,-11.054601240763528
0.8888604191326634,-0.2010277716042943,-0.8647552666847842,3.326077458136556
0.8000217121438977,0.37366086387388386,-0.14117623586246908,2.203421349916958
0.863197143720078,0.6631317992069201,1.0,15.919854863281307
0.15770871362596606,-0.6052957165743043,0.2682081384172106,1.02208734353737
-1.0,-0.018137771366250055,-0.3749668179746848,-3.7359874841039145
-0.6146498014529711,0.5120648926212754,-0.17824329418363494,-1.971161221620155
1.0,-1.0,-0.3852745899523631,-10.369429529781817
1.0,-0.062004517458725816,-1.0,7.163374734453671
-0.014487826392403758,-1.0,-0.5971549306343664,-1.263963163650836
1.0,-0.2266166891555863,0.06917296615442803,4.590499688564698
0.12452375145297401,0.9443217991887936,1.0,9.953044225977562
-1.0,-0.2220471340738559,-0.13782140098199402,-2.743423844865574
0.11292435338403295,1.0,1.0,12.104399502105782
-0.18986279535676975,0.9613211715662098,0.23398729082462033,5.89526538222974
-0.8922168253395917,0.09087170397455635,0.5516458220026248,-2.3946944771442418
0.9288842148533987,0.9548127262610127,1.0,21.15157638401868
0.0362728337997158,-0.5195015535661698,-0.8861479785830422,-2.2053287366067713
-0.31137225859019835,-1.0,1.0,-5.070680014606718
1.0,-0.09490438290443826,0.9883922299752259,10.524162888813986
-0.9647162515118051,-0.14813558578392017,-1.0,8.636560781282734
0.5630478205086307,0.2345490628660052,1.0,2.4565013119053614
-0.6832605139713459,-0.8834766649454182,-1.0,-4.7745930101300385
-0.19613688077669855,0.7122180266665661,0.4031737346591262,1.0636726286882177
0.17559354549571515,-1.0,1.0,-5.902895914598918
-0.07486651880914952,-1.0,-0.3477737139500161,1.0982690980657956
-1.0,0.9334986407016339,-1.0,20.685452975171593
0.1270540884729121,-0.3740197606682849,-1.0,-4.615913788676858
-0.9023427865626232,-1.0,0.3614811309924757,8.748635009188254
-0.003989204785994183,0.38322658083610395,0.1958024305524153,0.2422556297847113
1.0,-0.8395404055886304,-0.5341616300296659,-0.10318469135290972
0.3860657308638036,-0.8341686795198018,0.9453836639989712,-4.329577032053308
-0.268280030321975,0.996624624843613,-0.39050454700490156,8.161153815382045
-0.22134778120518672,0.032154481569135474,1.0,0.5351977658052837
1.0,0.2584096830548168,0.17600888730649622,6.2250241548644
0.39719516537985,-1.0,-0.2957595487176621,0.8617508951799091
0.8164530759636437,-0.5553611438033861,1.0,-1.3078076008510144
-0.37359193873033814,-1.0,-0.047189333640123676,3.6297860006142137
-1.0,0.4474237338204883,-0.8909568362914826,9.942282006469089
1.0,0.6681653458222376,0.721676021536868,14.264783343358506
0.06233156904710757,0.5583749279545449,0.5773359540422569,1.347349009374249
-0.04449669705357162,0.47614760792277777,-1.0,-4.716388544235448
-0.4539983317062728,0.32678773085559665,-0.14083230993445173,-0.2682366023325563
0.34968267239066764,1.0,-0.18644940945946176,8.241508727236749
0.8816681565949347,-0.8308031405308647,0.2660958846609953,0.20932147369402976
-0.8938934157712213,-0.5548640686742554,1.0,7.250568361314985
0.6548516952455294,0.05460486563121969,-0.20535910517912614,1.2833248206884194
0.06015074602676673,-1.0,-1.0,-17.78608267665763
-1.0,0.9070940900951288,-0.07998465945371924,4.675302712461181
-0.04853016385514275,0.07675839845267474,0.19614423924000057,-0.5877653739219857
-0.13362067773603492,0.815452942578182,0.9677820495935765,8.08666859671743
-0.09548849058376918,0.1976471738691319,1.0,0.42252724625261395
1.0,-1.0,-1.0,-29.990305916254076
1.0,0.6672970123483644,0.2626183022391746,8.93600777401532
1.0,0.5031854860722451,-1.0,12.715533569314879
-0.3470275550919728,-0.16164212374741616,0.42748389958989486,-0.49956870226507083
0.6799728391749527,0.8343387928173405,-0.1397470461284802,3.2999985978402524
0.007273028062742881,0.6570644565702639,-0.5041726001668709,0.4610574930116519
0.5583702497202976,0.08104271669248075,-0.2695501213810625,1.0911387228909464
-0.28895743224941906,-1.0,1.0,-4.931498069058936
-1.0,-0.22341880621229904,0.744295056125591,-0.30939456475463
-1.0,-1.0,0.059245227138599255,8.248885088592408
1.0,0.4307152301498114,0.06863646166199255,6.642853172174336
0.9944843031974662,-1.0,0.7448576828796947,-5.912789626693309
0.3333279105652003,0.3821842808687108,1.0,2.0869404804749796
0.10988527360887224,0.21496992570424633,-1.0,-3.6046225994847165
1.0,1.0,-0.2383738898030312,16.087987034520985
-0.25375349608664255,0.43036451479037763,-0.6524185132019653,-1.3035802769488392
-0.378512769576999,0.2563155340948897,-0.8400708486861763,-0.8806445930741924
-0.5893180336156969,-1.0,-0.6122166297700229,0.27382347382617556
1.0,-1.0,-0.8075577515144543,-17.625129999121388
-0.3878530351824414,-1.0,-0.6717278430862859,-2.6390028454111674
-0.11757699400151722,0.31922358444037124,-1.0,-3.3658151794014466
0.6103959369242677,-1.0,0.9842307758156168,-7.120312070625194
0.06480353511688297,0.3297848642405159,0.4027384148959148,0.4803269165766914
0.30869852511655016,-0.6396190296040152,-0.11655175936830098,1.7676322275503265
1.0,-0.5933313593933083,0.7774214399258272,5.050139329790449
0.3529695699218316,-0.4338028431168113,-0.20201078802930805,1.5130802125976968
-0.24202100241337,0.2368589717319185,1.0,1.8554229939782518
-1.0,1.0,0.44453886860454883,2.756614852930954
0.09830874381228005,0.4672620982937976,-0.14316928500861836,0.7809301447392889
1.0,1.0,0.6765973789270223,16.603774791179834
0.08921501435836499,0.25044291585817136,-0.4937644521824063,0.00436579012290772
-0.32177267892119876,0.3918726471851819,-0.19592318923662622,-0.6748079920282144
-0.9188760076581082,0.8501200547969627,0.37128064543301575,-1.6032422543254092
0.5263182278953957,0.5198273125209008,0.3435764188546151,1.4515584242569648
-1.0,0.07084701278245875,-0.5052749210955001,-2.4202109927370357
-0.39935861229426783,1.0,-0.6311664830561365,5.636519451031324
0.7245354766814476,0.9982852580167645,1.0,12.488412734441008
-1.0,0.781732730798008,-0.006443595430558169,0.48385097480422173
0.030667898717132047,-0.04428097221360061,-0.19431515305662583,-0.009657910527788194
-1.0,1.0,0.4493462112730833,1.6467454224621974
-0.2499998493044413,-0.10062446372436229,-1.0,-2.8457553512048337
-0.1662613952164571,0.4696623730347016,1.0,3.1355070810949504
0.08037395266086667,0.5142104729465637,1.0,3.6761729706380986
-0.4988978407088689,0.9833410018044224,0.005065611770299405,4.8074817216383705
-0.17069198962580145,-1.0,-0.4455440658668417,2.3712226656569224
-0.23240477396170123,-0.25533977705064026,0.6670904355248575,0.6579287819564243
0.5284576349577239,-0.8245141318148843,1.0,-4.268884959853502
-0.04242519591164928,-0.26450955195915427,1.0,-1.0098853519582585
-1.0,0.17959124220818645,1.0,3.030857501704249
-0.7383997692157918,0.8076314118671695,0.09512856978263473,-1.9186305711945097
0.8690328679871597,-0.8061600965239581,0.007839513226306272,0.09556215443317449
-0.8605572846532146,0.9948527332714692,-0.0481895395153511,4.253827220313308
-0.9270288241237568,0.5457180254451617,1.0,5.425013688238257
0.15776662105719952,0.3434486624960045,1.0,2.1507322714533426
1.0,1.0,0.8589073241912326,20.971419520082634
-0.42539996128911484,-0.024977873139673257,-0.6023806115938555,0.20676049460088167
-1.0,1.0,-0.04700304919235898,7.634396736815189
0.06243460689188729,0.2159792413189574,-0.13980109181130485,-0.25003126079964344
-1.0,0.4230113554303927,-0.6608837638467895,2.1354920908325385
-1.0,-0.09468170092854589,-0.13467805377323927,-3.8067934630154348
-0.10685486114541676,-0.1987164275052391,-1.0,-4.082137984210476
0.0429952618938112,1.0,0.5515328361859497,7.126200028735417
-0.3891908070033916,0.8712939307035417,0.8841616421320742,6.94146472839364
-0.027481786667565622,0.5852436860075243,-0.9012476342695299,-1.9250552966150176
-0.5272245381480944,-0.9079625615855333,-0.530737631695432,0.7039605660569558
-0.4190368514003744,0.6540168083987568,0.7284216587557519,1.0009400155120756
-0.5099529079831431,-0.0971588136236663,-0.9651306127371437,-0.5435523398655944
-1.0,-0.9529375297182134,-0.7699358482114247,3.512198548806538
0.2245190754189348,-1.0,-0.5937569807249097,-2.0872335647602203
0.6848490402968672,-0.11112131584978924,-0.2988237616371108,1.3311902303169998
0.8992107268682883,0.4927413187381613,0.06464198142585165,4.3929782646467315
0.3402904369022053,0.5466773836515229,-0.5492269056297758,0.899053502888221
-0.7553583424440058,0.18205762785657154,-0.9761642136719675,3.1066831722405905
1.0,1.0,-0.6639111103395483,24.073790124483285
0.25241570555581383,0.23279110182891127,1.0,0.9037802268794354
-0.8783707738579085,0.6678813294675914,-0.3938262168867346,-0.6546968126586624
-0.0044639129522707766,0.30363766880528975,0.660359878613787,0.5252579044976861
-0.7841459442308674,-1.0,-1.0,-4.701436341189259
-0.36992741166885534,0.8369398216264354,0.8024291005336543,5.241325789532214
-0.07088137792559657,-0.6211395446959971,-1.0,-6.854423000615917
-0.865378842400323,1.0,1.0,15.793143961991063
-1.0,-0.1382266121351856,0.5137429872639936,-3.7722061828068227
0.40357604049135287,-0.26543975568211975,-0.43716805567820405,1.1238549328320329
1.0,0.5696039198555181,0.8718040099644304,17.773171168851462
-1.0,-0.12960696005428973,-1.0,9.840869269333323
0.34545275423594,1.0,-0.4199551629670917,10.538267776703371
-0.048247669950412186,-0.4213478343181587,1.0,-1.2587426652482046
0.27696244367435585,-1.0,-0.3477321961180806,0.8825550452656374
0.0891860442167729,1.0,-0.13552154023672602,9.858476982588162
0.24938492584774252,-0.4983638081966437,0.7955234551167998,-1.5122154790167972
-0.24896833152747866,0.12082491381511251,0.04066081820355594,0.3315340471773107
0.25309988521984006,-0.2911424870638357,0.8404623525580106,-0.6322826676981547
0.713321064071134,-0.329059720363978,-1.0,-3.6610482243449085
-1.0,-0.2854470298724894,-1.0,6.984828491954262
0.5837998436560234,0.9389264047299632,0.8912492541905122,8.949592804583627
0.6450966646578766,-1.0,-0.05386469526083193,-1.90960087005851
0.7511077134217701,-0.8281885712020169,0.6856664726280837,-0.9244674898891526
0.07420063582412295,-0.48225418203453674,-0.016307335167224934,1.6153552141035812
0.36306727302208053,-0.058034902994450466,-0.5745203842277979,2.0117060731405645
-1.0,0.10206634220219124,0.13581753422750764,-4.326556191147556
1.0,-0.05560514933615113,-0.17929008341036945,5.155220464178665
-0.36838329725808805,-1.0,0.25918744258891047,3.4185928849918428
1.0,0.32180144705439484,0.5746018786981328,10.146454625205095
0.7786008222635132,0.29403801014861863,0.9185427610316603,5.391619680860797
-0.8470200445730101,0.4894787518861714,0.08339084904844318,-2.6305824003523077
0.4160416515957077,1.0,-0.8047377970161036,10.985489962474531
-0.35777627213357555,-1.0,1.0,-4.512756101872762
-0.9407111334034952,0.6412168649296377,-0.6997927936901804,2.844104598774861
-0.7075659344155689,1.0,0.8948202031147336,10.437129883598166
-0.005975939531503549,1.0,0.4235890181972841,7.646013240032414
1.0,-1.0,-1.0,-29.67858876368908
-0.2813436334932127,-0.3753127017062532,0.5783574262434248,-0.2757282456388604
0.084247588951051,-0.1040292906533884,0.14612993381022177,1.0077478189836362
0.1433557610552083,0.503773486398668,0.5186505863620643,0.4350229360780956
-0.725829888426528,0.26805950531763467,1.0,2.776295955574981
0.5413577547869268,-0.673593107234669,-1.0,-9.281210806518708
-0.42403037426606516,1.0,-0.3261976994291176,6.833926250825967
0.8232332158513738,-0.12018554749669952,-0.4698708266068923,1.697397996476819
0.387366234304104,0.5816709818155328,0.24020092357600586,0.682881401539791
1.0,-1.0,1.0,-9.268583303599444
0.3675253023606102,-0.6790208642838276,0.8936634903914191,-2.3372857961647604
1.0,1.0,1.0,25.766075089932215
0.7548843775787879,-1.0,-1.0,-26.695130397212456
-0.8707730288011581,-0.11706980240541243,-0.44404746659201,-0.3609990459496105
0.18148994740643043,1.0,0.9747520870477506,10.967717977029183
0.03137542821015904,-0.8267270448321484,-0.048680566694660365,1.8163170335451162
-1.0,-1.0,0.16428272741062422,8.430519050491373
-0.4404485828903164,0.6076012177467798,-0.21542670061420477,-1.1120949509202782
-1.0,0.42554027146254914,-0.16392449461738612,-2.6168914036030277
0.23126148120435475,0.22075610605361318,-0.04458306511907839,0.820056208998799
0.7173779097214683,0.1361972926382915,-0.1704187795749943,1.4542203727928096
0.6619444114185502,1.0,0.9876788821259987,11.526024298500227
-1.0,-1.0,-0.5956150501205775,4.912449252398878
-0.02958143139542946,0.3347097923468165,-1.0,-3.4507399723073986
-0.9334711725096398,1.0,-1.0,13.70635702597832
0.1512314255676952,0.4466948979848391,-0.38447101718669274,0.8654910185325672
1.0,0.7983294952890472,-0.17805963992658613,7.66008439495887
-0.05376308166032895,-0.013097303321059073,0.31781070587262183,0.4879210802740927
0.8465109845938235,1.0,-0.20658916227224178,11.140107163030011
0.9420997576768284,0.9069486115061078,-0.5121944738965947,10.550253075290062
-0.32558597044144255,-0.642986957180925,-0.9056615950019724,-2.984611438794314
0.4586703548406479,0.06357994752520835,-0.7852012557016068,0.5075684552575253
-0.3784920193639085,-0.028717020618627354,-1.0,-2.4082817491797006
1.0,-0.07446752505141752,-0.45663957916779974,5.9615627309205985
0.871925474278723,0.4748720710654315,1.0,13.18234649792741
1.0,0.2906179348651923,-0.857218542965972,8.664870196079347
-1.0,-0.9978974461554249,-0.8493264066121671,3.0168594231990475
0.8547456995731195,0.109551493689243,-1.0,1.5333251287353586
-0.7581917735357624,0.1859134843166088,-0.9932852637769101,3.535338571423934
0.24403210638295114,0.34174933853762224,-1.0,-2.2879572221428686
0.17980273401858105,0.1710829937080105,-1.0,-2.8448584158265655
-0.25249568566635716,1.0,0.25853673168383917,7.073847731528173
0.1016976712122899,0.8804277549523112,-0.26366981206802076,3.758376194082141
1.0,0.4162766509497222,-1.0,11.51374442095736
-0.7320717348491965,-0.20311761440784015,-0.685145864296981,1.1197335242288353
0.2734364032814529,-0.427752781558721,-0.8391957299438129,-0.9132807126892177
0.16386531323274833,-1.0,0.6481729401088865,0.1850310072094774
0.04441665473712786,-0.7652909407191815,-0.10455139739156105,1.4399062509395424
-0.012064697906422062,-0.5452156712152081,1.0,-1.697442046129867
0.3609078318227288,-0.4715127433276898,0.023150686784724428,0.9968744847149513
-0.2712442845682801,0.8929525870889288,-1.0,-2.752876126486296
-1.0,-0.7077571816707671,0.07143062416934898,1.010571443330289
1.0,-0.4269799966669783,-0.17073775393518487,4.189396570689029
1.0,-0.09569334044059685,0.005510767691352392,4.196996140233268
0.5018741704116638,0.6239711830775239,0.2554213314394058,1.2875073302423508
0.02240333892449109,0.2807625897181183,-0.5529461465096175,0.9871125150600379
0.028053254945700212,0.1872103445162845,-0.43234531215211724,1.4745827298135366
1.0,-0.21986644879019113,-1.0,5.601736267732014
1.0,0.673308533355059,1.0,25.297117663309283
0.17051379866509753,0.6554002569220196,-0.7506063403976497,0.3308669947813956
0.8684841178769231,1.0,0.17208035332205962,9.385466980820246
0.30908974287702384,0.5799339327294657,-0.23938856044063828,1.1560286812468197
-0.19354325629574243,0.9776846235188574,0.005976939876844778,6.05023550726963
0.197372101797348,-0.4271839952795522,0.4988616993629429,0.808881717787106
1.0,-0.6266331150852451,-0.3058190201648945,3.5816635936198375
-0.28300300446976645,1.0,-0.31592711601339496,7.928563762250369
-0.22502185636689287,0.8929040342896524,0.2732987254534389,3.1186550581585677
-1.0,0.5055151067778161,0.4852996856482299,-4.322851028549965
-0.3624016012800766,-0.18164342599059036,1.0,0.9188658979850388
-0.3538249358723198,-0.7214588834068072,0.09392242163243525,1.2287978356927212
0.011602657282695272,0.18302064028882015,-0.46005494271289504,-0.3264373405103518
0.07013485156660226,0.7489746731732756,-0.5500640810390387,2.096498043442123
0.12218693636770372,0.4818291638691905,-0.42213683552655157,-0.38155189032152814
-1.0,1.0,-0.13293829848257643,9.446272236716723
-0.7888539119061622,-1.0,0.4049579814192992,7.10499938169213
0.41114416846357904,-0.8602000328226229,-1.0,-12.921659481148904
1.0,0.5095878099276498,-0.47616500287617347,4.8208583541552255
0.07467139812476553,-1.0,0.49476963609415203,0.9146013648883814
1.0,0.5848077799616651,0.5786572067375424,11.07826611383304
0.8418699929706923,0.09916255676867203,0.35452803829317014,3.2461428692382484
-1.0,1.0,-0.16092664882701913,9.423700688741206
-0.5490845586020112,0.6131166831263748,0.15957278948790643,-2.0656272106900113
-0.3303709276038138,-0.09455083292236477,-0.5341271338512961,0.9071933359103379
1.0,-1.0,-0.09745669830454085,-8.31993922283222
-1.0,-0.3086859571758582,1.0,5.649666825492761
0.28770623194574374,-1.0,0.6567360612789548,-0.6987395150165173
-1.0,-1.0,0.02805137980940775,7.476776478211538
-0.011421369689874172,-0.4969941282502708,-0.1941482442814546,2.0585295801029324
0.506514358253537,-0.7730112549200605,-0.16535522421878146,1.5985337454050343
0.6176038980243472,0.4113742432041012,1.0,3.3715110982732917
-0.344304592493452,0.23723376124504614,0.07053909062017638,-0.7350738125752793
0.0847919710229883,-0.7955666714422012,-0.21921215861504195,1.8858664622890964
-0.014515286975475439,-0.549159511526768,0.0036247015518857673,0.9222243808203312
0.740181604243962,-0.2797566801118443,-0.17393830019818535,2.0017738450905465
-0.4368966759293227,1.0,0.7058229079171081,8.830803979021086
-0.9944435555093858,-0.6355558751040242,0.23633133406489404,1.1822868427925244
1.0,-1.0,1.0,-8.467961466867948
1.0,-0.2375246981594219,0.988508872335949,8.554360599833263
-1.0,0.7443027804866682,0.43507403656792687,-3.101473500427142
-0.6768475594840502,-1.0,-0.5723153395476941,2.5791995284985454
1.0,-0.21798981064796652,1.0,9.023089448880615
1.0,1.0,-0.8109614134016137,29.842380526319324
1.0,0.17828173632992295,-0.08428802414204295,5.155894265650175
-0.638721146680318,-0.43280354699290635,0.7765708024209916,1.6381532138490567
1.0,-0.3016772437683364,0.8569768814030201,7.095127815536128
-0.6312028929354316,-0.5186594759034366,0.8846164768117548,2.446613796811956
-0.5220304261982898,-1.0,1.0,-2.8643592066212467
-0.8274823839066354,1.0,-0.00281544005317258,4.334638423811377
0.7704085970383907,-0.12605126486313223,0.8561054318525558,1.6430692488457241
-0.23765681084847645,-1.0,-0.7679196845482756,-5.148723438023436
0.25657186366366447,0.20888509758836404,0.8198392558580583,0.6643148494596736
-1.0,-0.09191971766866414,0.6840289501324592,-1.4545705783354088
1.0,1.0,-0.32294121495414396,17.81837484348774
0.44419523730960053,0.5352863713072069,-0.3754540303288376,-0.22702543849649004
0.9394027653510904,-0.34515544513811514,-1.0,0.7002836515620198
1.0,0.015149193230085123,-0.013170187662807198,4.636822503763102
-0.13707241472734122,-0.03153578362307319,-1.0,-2.6250515389227447
-0.6371445534920146,0.43273294678425644,-0.6271455308212304,-1.7914968548729755
-0.5545819253003157,-0.16017627218954944,-0.4794710425157658,0.12585268280243306
-1.0,1.0,1.0,16.75192119497894
-1.0,-0.19825120466667112,0.15719020057915278,-3.7292945468701815
-0.9137390577277456,1.0,0.9053997656561981,8.456484015973675
1.0,-1.0,0.8298528177370661,-6.325698670997559
-0.1665705330950351,0.5195595853836101,0.6149360624842615,0.6115124801822309
1.0,-0.9705014455138332,1.0,-8.119230701098882
1.0,-0.8342444254404022,0.09719277430836204,-0.6110682095896556
0.6216252887279199,0.8773839667209546,1.0,9.639152729388972
-0.7447970493151752,0.25427455233177954,-0.15867455206080683,-2.109185834666825
-0.8088669673585185,1.0,1.0,15.903209786763366
1.0,0.24499604546122633,1.0,17.028925735234058
-0.5902043494358498,-0.21376551665729004,-0.6680958992939241,1.3061272800324344
0.5783607139970968,0.2799212951675185,0.3718820659965625,1.0694712203448336
-0.8237780895252129,-0.08282502328887165,1.0,4.569708857982369
-0.5748297819931976,-0.03188952021313396,-0.8785709021853576,0.722889177109075
-0.7193802034187402,-1.0,0.38306311052984254,5.268206654603569
0.3231636388677057,-1.0,-1.0,-20.79809118792871
0.08425635003103893,-0.1212541319633813,0.5459633615238426,0.3148992602160808
-0.1595654550301222,0.2109622828097497,-0.7311248332209563,-0.8505636486776897
-0.03514874248006694,-0.18440540927045945,0.22753540326612098,0.804626308950781
-0.03729110681572356,-0.7658514926368021,0.5079599720972965,0.8893162165027546
0.20875425490380395,-1.0,0.024483090241006922,2.315538826139979
0.7409351048157653,-0.4702208986653811,-0.5081715294603484,0.7676698089234293
-0.3057797888490872,0.3212825443710019,-1.0,-3.7414993972729613
1.0,0.3860240898798537,0.16861686571657364,5.834070458054412
-0.672050383462454,-0.38576744587395373,1.0,2.1987771321398237
0.8255067560221083,0.9239762889841054,0.7566908129891272,10.018808481421853
0.6211659158201688,0.07391695197598214,0.19465746516335503,1.667566798967297
0.3837073980852008,-0.3834683160506651,0.8129870208902228,-0.8177953879854531
-0.7873359670860542,-1.0,0.2397786688246919,6.815708996225367
1.0,-0.5177762555297853,-1.0,1.4142198745693697
-0.6893290634899805,1.0,-0.6767789903564794,2.518802552859826
-1.0,0.3584169740800254,0.30248063155808125,-4.484262639780378
0.6307960652836555,-0.5859535741390824,-0.7350808969632663,-0.7136347258091673
1.0,-0.67935522180753,-0.7647054835750609,3.6754849820963496
0.9277899292016802,1.0,1.0,20.297585906452547
0.8739028949207508,0.5946343855903715,0.16628265103087259,4.0942634909773234
-0.4110199548745659,-0.6261886962238816,0.0011208985397175297,1.3098015425624727
-0.15688693797575026,0.2655107279250277,1.0,1.8366979859929662
-0.9470883256049776,-0.5222308953770196,-0.4582404500584849,0.0851624669535776
-0.2181455945367481,0.2727070663592044,-0.14552692981366744,0.29501063767832103
0.5229467100024856,-0.5098701642709382,-0.13797323358047553,0.4159854179833874
-0.05265612196352887,-1.0,-1.0,-16.63972188360235
0.2220373878023536,0.6763321854910853,0.6491744254875513,1.0714059666888338
0.8464996385934662,-0.6770719703632506,-1.0,-7.9817974302096015
0.7749461818230337,0.5146325817570525,0.13447615757657472,1.9901796808824987
-1.0,1.0,-0.4101175845081586,11.544577431536409
-1.0,-0.3177921219244988,0.07230549659644292,-2.841280179614609
-0.7396747081631168,0.7807428080434768,-1.0,-0.07088664283576462
0.9193135736614164,-1.0,-1.0,-29.353242981160808
-0.2969796523390229,-1.0,-0.31369203151578295,2.5236553785432236
0.24195383456617248,-0.12177863726131322,-0.0874240021607835,0.7972141915915393
-1.0,0.8870003935330983,1.0,14.650538343522825
-0.7378121609821069,-0.45109689695693844,-0.3242777533346506,1.1644769888591635
1.0,0.330356798890856,-0.10105490267221562,5.257238664450038
-0.32490631819665716,0.7278702455017154,1.0,7.0425333538554336
0.082115978154639,1.0,-0.7586075850739,9.635132519932307
-0.5011881061968471,0.05631386129074101,-0.6497529871872549,0.38874927334607917
-0.1959705000548213,-0.6817231509322226,0.8762142695677237,-1.205395644032492
0.7064169185144371,-0.054896227674539944,-0.47835389135596507,0.8941541154917978
-1.0,0.10803748233132637,-0.8480944979089344,4.9127031074018515
0.4714984175061152,0.6307872749627976,0.12923037449829966,1.8721604539653978
1.0,-1.0,0.5071156913262325,-6.3432752594094515
0.13897694746203793,-0.8902339636472556,0.4382697143132044,0.9469490703870991
-0.6172113783145243,0.6081269810751897,1.0,5.621699944744543
-0.3566653003916347,0.20530416090038917,0.6782661971043256,-0.3151423529388856
0.39843402582196785,-1.0,0.7743569409186717,-2.2990965018203045
-0.9075664902589382,0.09627398872089232,-0.5375154268573052,-0.5605821853783742
0.9847670118550613,1.0,1.0,24.53873062637936
-0.31452238963544166,0.4604822716429473,0.9833426108927181,3.0645636416202224
0.32323835120647515,-0.03353021716676019,-1.0,-3.087058332514972
-0.6465282571978435,-0.37190875679301794,0.8429982345332507,2.2210406471235355
-0.8998963925490577,0.6728805500517663,-0.11106125268383038,-1.8724319107663587
-1.0,0.5415797905626687,-0.9706899450583724,15.825854325496843
-0.466725482379287,0.8318219269130551,-0.7885689719311701,-0.40851252123085546
-0.7767539201392824,0.13698474032045405,-1.0,3.7739977778086176
0.10427239762690643,0.3842112299333238,4.888874874464655e-05,0.8193266109314544
0.14540186130610278,0.4881014592223556,0.6521354085536237,1.5672027048483272
0.5958024774662001,-1.0,-1.0,-23.92920833912398
-0.11876341390808687,0.7143072625493563,-1.0,-4.4041508865637375
0.02795618872584127,-0.9480300239182395,-0.2054919472252148,2.578016471168563
-0.9242525219365592,0.8852480589519129,-0.4790834548386478,3.0528629745426636
-0.6187946998897862,-0.5871049491620965,-0.01662256174868504,1.1705222594152844
-0.4119332738928414,-0.038399947720784366,0.838578541099531,0.5668061755384232
1.0,-0.03378750121970975,-1.0,7.68922726687723
-0.1270651772895699,-0.23187515830690963,0.3235761792099445,0.4915004363167512
1.0,-0.45974970246711,0.7554515452888999,5.831670284482189
0.059077479703538716,-0.8014657491532835,0.3714972200392055,0.8584684699035268
-0.050345414340679184,0.9598130430338372,1.0,11.74811171111358
-0.6422627017569791,-0.4342378501013706,-1.0,-0.24501693591492152
0.15746489503604488,1.0,0.2279274230550612,7.573498888792978
-1.0,-0.6759022805213477,0.852957065439198,8.047244487025154
0.08879370824152022,0.8080805873307804,-0.2550650669680281,1.880438746625859
-0.40240393713719613,-0.4830893476274083,-0.47651803472877496,0.5786384302350702
-0.9415918300199009,0.8345028583939533,-1.0,12.439861003268305
-0.6436614894877282,0.18727379302737912,-1.0,0.6179665061417907
-0.38083719937451277,0.5277127745243877,0.44616609926240725,-0.877728725458833
0.15557867919718293,-0.6088984761470038,1.0,-2.964352006796695
-0.5388009306850781,-0.969313648831694,-0.24696475936171458,3.811617404415762
0.616051878357214,-0.15939146554885308,-0.9041261943843801,-0.5052497847717723
1.0,-0.5763351317224805,0.1531680174095591,3.78426807817739
-0.5671506407449132,0.0294578393326681,-0.426025645927939,-0.42611165235521276
1.0,-0.6238715519162401,0.032903312868397094,3.1235442197328287
-0.0999271209291488,-1.0,1.0,-5.7554358199988345
1.0,-0.06645052652396122,0.5765689475431548,6.789321785935737
-1.0,1.0,0.688639227962067,1.3603547040714368
-0.549983685547125,-1.0,1.0,-1.8393970907769157
-0.827541366809319,1.0,-0.8862488856330757,4.067702111123076
0.7086588924671686,-1.0,0.31384243721388905,-2.462393702456697
-0.0926623788980292,-0.0581342279062631,-0.5800574572728758,0.5694834160298294
-1.0,-0.7065858428831735,-0.978406526208861,4.555449330786911
-0.3844422258247393,0.8234041038357871,-0.5469936282784518,1.006476235856164
0.25412201606431806,-0.08784101129205202,0.10952176282847415,0.8416983282530315
-0.02401661926735499,0.5466030800434112,-0.19312580873940566,0.4539550028888372
1.0,-0.7455676740516697,-0.2842826516666501,2.105795131229599
0.8958008360703547,0.5614885346701908,-0.8258250773918188,4.789376918347007
-0.6167680595120022,1.0,-0.12670162491975745,5.251688242527255
-0.1941027605694936,-0.6979075250105125,1.0,-1.6035965675407842
-1.0,-1.0,-1.0,3.768187786685268
-0.9271611272199018,1.0,-0.6704123805957349,7.284712181974795
1.0,-1.0,-1.0,-29.749443292014973
-0.9809691388955242,0.6833779079226581,1.0,8.288469322935077
0.2705443440094346,-0.042465052174723183,-0.41729822171197384,1.28961675297979
1.0,-0.4408759575531711,0.10916622098805195,3.949097901430932
-0.22398367964319266,0.027168074122638775,-0.7532051867250937,-0.13617357796429186
-1.0,0.2694719631126312,-0.008700482313337643,-3.996244556151124
0.009096899826596117,-0.8631441711685053,1.0,-4.267270149216438
0.0384701492417443,1.0,-0.10715373046037291,7.803300514074351
0.2553988552435631,1.0,0.6188235209587749,7.944493409297833
-1.0,0.5437714117966079,0.176280498496723,-3.3517471787845237
0.5926031331373633,0.469941903407894,0.13476905407080886,2.146634769151845
0.6343639720033478,0.06337219151637186,0.4844230881061784,1.8509388152310309
-0.7886783907521442,-1.0,0.03715804401175293,6.894963238586255
-0.2992484207739772,0.46055744461527404,0.4848159080269645,0.3027772853433723
0.9605608591304209,0.1730011531035094,0.19251179948013264,4.849257511875007
-0.1328252094208544,0.06779285420962489,0.8228960381076349,-0.47577940650719086
-0.40768904544194573,-0.19631240076252743,-1.0,-2.117971369545569
-0.07909543903602256,-1.0,0.06805956694368076,1.7552787131570273
0.14475148954812367,-0.197737822309054,0.5357582716847209,1.1257062185051836
1.0,0.08953490380711249,-1.0,9.254498661876902
-0.02237120745668153,-0.6839120403735675,-0.5483684652089449,0.9372604193278896
0.34705551686615754,-0.06105418707138632,-0.8666364362900001,-0.47284093520758685
-1.0,0.1575524497070493,-1.0,13.68151065467941
-0.3222529264954759,0.5672354259511911,0.327279522632846,-0.4996625683332574
-0.46542713865568053,-0.31176129088386273,-1.0,-2.151116751074803
0.2683970321171585,-0.47440849586597467,0.49713910143905604,1.3693314026283567
-0.9063399440606978,-1.0,1.0,13.429378171975722
0.9522262317182322,0.5162230273489758,0.7803476824995921,12.210707000319506
-0.4735608638299642,0.5895571124964374,0.4020058709137806,-0.7594428074746049
0.41638763703744,-1.0,1.0,-7.036520156110269
1.0,-0.8389694379507071,0.6562830313730525,1.364785986291809
-1.0,0.4998087123465986,-0.9866702636663018,16.428867886669334
0.47862982255526143,-0.49116501680400027,1.0,-3.939007189249555
-0.9873603950259529,0.881430216326802,1.0,14.439090510100218
-0.22314574472252047,-0.5432122144678402,0.17194530624929505,1.2372295939430034
-0.169792150499688,-1.0,-1.0,-16.604693832792126
0.22688475602713187,0.265019429418609,0.7145817660898908,0.3936951246486089
0.24376159576006184,1.0,0.8198278993128316,9.02630885523977
0.9757545253520847,1.0,0.1675187860091547,12.583310829627692
-0.8970113167193958,-0.1929004401990011,-1.0,6.514622026358088
1.0,-0.246080732332987,1.0,9.11712596748544
-1.0,-1.0,-0.43334958736153806,5.987321041451476
1.0,-1.0,0.5542997266971283,-5.685563618269605
0.011979518407333689,-0.648802958511445,0.31109400573224466,0.8297808708650021
0.05896326460024914,0.8602533069451614,-0.4350622431051041,3.1685988702367984
-0.8837784057945701,1.0,0.3235745072956271,2.3733513357919667
-0.12797582355363524,-0.11810633157451389,-0.7854870879829126,0.18357154926443053
-1.0,0.39731639807622887,-0.05502436772852226,-3.3568887943344157
-0.05209637152076296,0.9261906521964374,1.0,11.014834529857271
0.40789841674424254,-0.7692109724515999,-0.6994791822548667,-0.6027255166610483
0.2562833615619238,-1.0,0.26308267249087147,0.6189542266414824
-1.0,-0.7145812816296473,-0.6080665262382272,1.4267550375107094
0.47996286532418475,0.04877609084439327,0.44347854681266075,1.542751374988138
1.0,-0.8022971349233168,-0.689018219662191,0.4086879978431414
-0.12921884614712664,-0.06934205494313761,-0.4650487003948869,1.2670398668284646
-0.8183237745424747,-0.3141157816564224,1.0,3.7523578100328394
1.0,-0.9645708441022549,0.2405055683753614,-4.959265760342338
-0.6386623624393759,-0.7830986944092229,1.0,3.1014847400567263
1.0,0.043024821464485496,-1.0,8.548014391908985
-0.9507284647775545,0.7626784553156258,0.5529516008386821,-2.7382137204540156
0.6020749004293564,1.0,-0.1750482004767695,8.886998485553054
0.09008391947808736,0.4698066259286018,0.5094704859656587,1.5240274114209909
0.7671408618299209,0.403080308628351,-1.0,0.3998041671321626
0.9403950947426578,0.24363024704935832,-0.12052406743032362,4.004666137143868
-0.12443172454258788,-0.5775738022418222,1.0,-0.8996385877496555
-0.02521979866863866,-0.3407774966005632,0.5890724026616765,0.3565018702810147
-1.0,-0.1598536471766594,-0.047090005310672645,-3.6829145171544426
-0.5757825236110958,-0.8471049361992129,0.4356638820523877,3.4016977350307855
1.0,1.0,1.0,25.230358328171427
0.5991784937265767,1.0,-1.0,8.421950611277675
0.03777266792347822,-0.7684901750410431,-0.7313375204884673,-1.5495541833834123
-1.0,-0.6285797922243075,1.0,11.541149113817811
0.7316165045586489,0.5586891496284778,-0.18109284700373895,1.4760107539109812
0.5543476395499802,-1.0,-0.7934465194874682,-10.321443696620612
-0.1934012885725218,1.0,-0.036045048285789694,7.343541897174765
0.26669472790795723,0.7125703175825366,1.0,5.4520011267375645
0.39063309033498417,-1.0,0.6418999041388465,0.22635407350426595
-0.16283886548200055,-0.10197186288276572,0.579740983666527,-0.4253879959844654
-0.07091938311031099,-0.7483589129706925,-0.11258095127995782,1.291530382488224
-0.07467237004261817,0.7426928435061897,-0.39324674897849055,0.7380868190637
-0.012503743521213861,-0.8073144104772569,0.05617325189471489,1.4086037655251773
-1.0,-1.0,-1.0,3.0591276312650106
0.22445120981457345,-0.7627286962619233,-1.0,-9.677519985113783
0.3483168155438727,-0.03589289342929325,-1.0,-4.12030479461441
-0.6696698088049975,-0.9178179232363641,0.6002355811766285,3.7520875690602566
-1.0,-0.7316029290447066,0.3378461271277564,2.416737623732208
-1.0,0.03995605976326644,-0.6967240885402735,0.30665638436782783
-0.49433358710182085,0.8528714746245531,-0.35016873723896946,1.0143959792308783
0.19915735343074426,-1.0,0.1565786246557621,1.4904898753481821
0.4057121706004647,-0.019677421776121085,0.2867624333363621,1.5697319375653234
-0.9536419047222144,-0.1211271129643463,-0.10797551203669165,-2.544249520571804
-0.6218472663398029,-0.2486518881370079,0.05566330605644887,0.5281615686516156
0.18057509889370937,-0.5602545929304561,1.0,-2.552969424699117
0.19013325315126495,0.5836880588905065,0.07782003503858737,0.8106574293857978
-1.0,0.9207495064913289,-0.5168973475005694,8.993023143014353
-1.0,-1.0,-0.2936676303969412,6.7051575741991885
-0.4348664432259046,-1.0,0.6068193933633026,1.794236093031181
-0.5605024692774789,0.7266843914602221,-1.0,-3.6925795537346158
1.0,1.0,-0.634070956909861,22.9143796599889
-0.012803372782027145,-0.535048296320944,-0.08180335644572012,1.3506637324230468
0.20085204834563952,0.1591923852414734,0.5968475663207995,0.2802015136945992
-0.4299747767449724,-0.4516976401446322,-0.9620842474554585,-1.783617843330831
-1.0,0.9595457263111604,-0.018415802771222234,6.933040784834692
0.0661813413920529,0.04390802516783321,-1.0,-3.172132270027148
-0.8485163160296743,1.0,-0.045144389603232415,4.931141108921852
-1.0,0.16112340280932846,1.0,3.3466720056174064
0.2810285759447946,0.14604520547201916,-0.10413161053039643,1.0677059478168682
-1.0,-0.009839447339662577,0.33777920846378584,-2.998435308840254
-1.0,-0.40906102014455015,-0.3179050860991901,-1.9953156048255607
0.37863577566251294,0.9274079023591337,-1.0,1.703011260865411
-0.41475154334235276,0.3461574754543699,1.0,2.923515502388634
0.550409136472825,-1.0,0.3057957280168928,-0.18538630856909832
-0.7017335175616681,1.0,-1.0,1.6897787983250874
-0.055890395154415184,1.0,0.3469529768105508,7.066239136387207
-0.6195345374312489,0.011121388174396118,-1.0,0.7422478096378853
0.4009931767368249,0.35798552860757815,1.0,2.8980172663615624
0.8423629773334882,-0.7232323536744596,0.7475076032337777,0.8221604816947505
0.18956469964414602,1.0,-0.4539426754205571,10.59618375397906
-1.0,-1.0,-1.0,2.8113254691842045
0.6713660899600253,-0.11447525947255022,0.3366218608740228,1.8484619846500931
1.0,-0.773937383631653,-1.0,-6.154050616899822
-0.614752134337367,-0.8314121460871846,0.9209895299968374,2.06730914629978
-0.6117308654001574,-0.12029347112847155,-1.0,0.6487738464607543
0.5037796031440096,0.6321366167178999,-0.3068531643815986,1.3276993530058658
-0.6098312925066836,-1.0,0.3803160447676197,4.310350160082977
0.5756193899860857,-0.46993782636745474,-0.45175662927853666,1.1369190568911394
0.8737001320514297,-1.0,-1.0,-28.992080387190068
-0.24370714014910866,-1.0,0.568546918060117,1.4792575145081635
0.42657656687693346,1.0,0.18563409240294848,7.518667472813961
-1.0,0.5639237985599082,-0.056545140462831656,-2.3523204591756404
0.45473452104846657,-0.08984551667284046,1.0,-1.143790122399277
-0.9726972668284994,1.0,1.0,17.079858973326168
1.0,-0.25778419063228175,1.0,9.63415372330887
-0.608875619629397,-0.01987649369497313,0.46165288418578876,-0.33015547743600937
1.0,1.0,-0.19658959618588767,15.835378331068116
0.33294278684085854,0.1710688458711458,-0.300640645793786,1.0512153037538836
-0.1614819303280286,1.0,0.07659985330984775,7.707187443965907
-0.026812645494604936,0.8678893315364369,0.8966021023336177,7.613681113468064
0.3068276201659166,-1.0,0.12558961465145324,1.6458887024438638
0.9406024194918112,-0.8818673623806603,-0.8972683717976111,-8.80300244216481
-0.7453791586715304,0.07310210247368731,-0.4682461439559955,-0.6347831066388679
0.9491390009440075,1.0,-0.2790671270419631,14.987486451276354
-0.7205377714266412,0.6810241118747531,-1.0,0.5261939850422265
0.28034520202334257,0.7724415761039474,1.0,6.639457023221352
-0.19236711407769302,0.29918838942170933,0.03644104982956531,0.19681230009560843
-0.6646182672974188,0.1784389587506221,-0.3965173804863591,-1.2382202000676483
-0.21800874354628896,0.5670249492891002,-0.6273774653007202,-0.6355598030352715
-0.3938089723323588,0.9462232933564083,-0.37647873100151985,4.212304886918762
-0.5654027079119801,-0.8446609532234921,-0.3062619762389973,2.041161675372982
-0.5445645312703358,1.0,0.7986074211079384,7.977663165787437
1.0,-0.015506101944767314,-0.4882689331372887,4.666036082881926
-0.023884038260690188,-0.07568877194977497,0.69071522687791,0.3271562797110862
0.6520021306566175,-0.42123262268540396,-0.0009649900535526612,1.0725667540120858
0.1097405922522583,1.0,-0.888487407822371,8.63539965950014
-0.7867917583135136,-0.0022422857300266053,1.0,2.7464995546648847
1.0,-1.0,-1.0,-29.297923090533146
-0.095158644989767,1.0,1.0,13.594114873584463
-0.5588883351407965,-1.0,0.4854363123174581,4.157388135440309
-0.4656936442467723,-1.0,1.0,-2.6113956938986354
1.0,0.28498228755147426,0.30822738515002635,6.540663782098711
1.0,0.4524442734609351,-0.13827809637039734,5.106101114447926
0.6814884773477874,0.44137406605703866,1.0,5.053899401640088
1.0,0.3740429299970036,1.0,21.250992701120673
0.7627964604028807,0.40888960959625265,1.0,7.237800244751271
-0.796058181080366,-0.2767040746987959,-1.0,3.880598851840002
1.0,-0.8792946559416426,1.0,-4.448691498757268
0.01181918651053504,0.34817168520910236,-0.7425824549407216,0.25587871182371974
-0.7709939025413388,0.5109748705193604,-1.0,2.2962038334186627
0.5997883473891352,-0.34525949391909516,-0.40145684121525527,0.7579066887676634
0.6502110879732841,0.6224365629063047,-0.36034337014935836,0.8557267193453093
-1.0,0.36518203696817086,1.0,3.4497170118247737
0.8686232578179376,1.0,-0.8613837950661529,20.87263367001474
-0.1409699125289936,1.0,0.20789980654262008,7.074478529217509
1.0,0.35992565124261877,-1.0,11.571511296219724
0.30743720006236375,0.31088846525149116,-0.9701676181840653,-1.913337808800434
-0.9121521051282429,-0.47595225919952666,-1.0,4.943271908486837
0.8785261632537815,0.28630541164541756,-1.0,3.836220741827988
-0.3436772432479245,1.0,1.0,14.683051177211436
0.7398410354474663,-0.10801140773525097,-0.8669110781304514,1.0702670431987862
0.4366395590027947,0.033147096631348516,1.0,-1.1942918112568444
-0.10771829299427282,-0.05300956742080731,0.3037576542976408,-0.03797292440196742
0.6197838332005905,-0.06854863851453774,0.6774900594195583,1.287497718862993
-0.19038971644264646,0.2997147723070557,0.4665554172184141,-0.0697453701978075
0.3619559861202504,-0.4322679822162958,-0.4642865595787147,1.4981767631541336
-1.0,1.0,0.037297410954515664,7.5387093828789
0.02158622304391522,1.0,0.8254687747366665,11.04048046477746
1.0,-0.7536327401572922,-1.0,-4.752615931071967
-1.0,1.0,0.14534098097432468,6.776176384269924
0.4467637794536181,0.9509177292922268,0.2684381128619293,5.43830666214601
0.2490529657180156,-0.00614436952182662,-0.11340581206510159,0.975830461748329
-0.5952710221136404,1.0,-0.1555129985934911,6.027862568856261
-0.23577408333728056,0.020832066572736174,0.9602340903486026,0.7365438421476235
-0.5855408008346474,-1.0,-0.3278002906152826,2.9360370025309717
-1.0,1.0,1.0,17.46316280811228
-1.0,-0.6751769381390482,0.520947023779778,4.35341305387506
0.41782755003743643,-1.0,-0.30275974203435196,-1.0817769579595669
-0.8071721160586456,-0.041129551323265234,0.050353327873317255,-1.7112031573436854
0.7132639995022385,-0.015032554231767081,0.5420281606398005,2.7976256386075686
-0.8215899267713505,0.49972227104786615,0.1390122586294964,-2.943819196434073
-0.3966292909295446,0.6727142187278061,-0.5508906661682362,-1.375872933474678
-0.37777459780386047,1.0,1.0,15.70774659657681
0.7509653598480006,0.03467097188362067,-0.8668572527265717,1.5672715032731144
0.7446835104168616,-0.5165455263709755,1.0,-2.279264853920875
0.0627736159390464,-0.8152195234792741,-0.615380331182914,0.21055634581502575
1.0,-0.12194217072843294,0.05275863062142805,4.275132783877244
-0.955759845248263,-0.007721879824693856,-0.924828226163046,6.409139782935586
0.8544181249230269,0.09039681381992892,0.43966391004929983,4.074621338031964
-0.49563294678865644,-0.782434540563322,1.0,0.6332834705652484
-0.4766589935802863,1.0,-0.9009745615877571,1.9836609228613988
-0.40088100843242236,0.41654022337635577,0.7548597236600638,-0.4761097804117143
-1.0,0.7225377014311969,-0.7034517238555813,6.825947319158207
-0.9401400453572595,0.49311216866662155,0.03487021679148583,-3.3829535331741
-1.0,0.20837790268357104,0.6287222048990393,-4.991287149865186
1.0,0.8227365051310143,0.06735171165129494,8.804088625764859
0.22107402889339278,1.0,-0.8806191431290511,9.55290942611229
-1.0,0.32937398303413623,0.9773920332285408,2.527330661352488
-0.10933013195548491,0.2721805681439067,1.0,1.2473621835434834
-0.7854576761788927,-0.11734755362172833,-0.445619572848166,0.11740475706238618
0.5605479312107009,-1.0,0.6216002403645073,-0.6896766669134986
0.032613678306606,0.4529566237007596,0.513365806972065,-0.02604479478786803
0.08500030370448552,-0.2837211472146244,-1.0,-4.418478487991629
0.32180835346866044,-0.29891129523158244,0.8667155929110004,0.14002014501769733
-0.6116820518807515,-0.05529640104622269,0.7635711604388244,-0.46329613802046293
