Problem,Degree,Features,Feature Count,CV MSE,CV MSE std,CV R2,CV R2 std,Train MSE,Train R2
VAR1,1,all,6,10.312538646377185,1.2411403271000299,0.09732812534036625,0.08009105228582078,10.053565572761688,0.12589109826416445
VAR1,2,all,6,3.4960185605072205,0.3830127503470452,0.6926443216038096,0.036446441155821734,3.2481185247521807,0.717506823070841
VAR1,3,all,6,1.0799536586368557,0.1214293874299874,0.9042275961671156,0.016937230089543374,0.8298523575988301,0.9277902480531335
VAR1,4,all,6,0.8214400293319111,0.11013952695402117,0.9269663178487273,0.015186505442558073,0.3703106170060402,0.9677774941028879
VAR1,5,all,6,1.6583593587168899,0.4524984123150824,0.8544979687107974,0.03971845472765767,0.1185014310237523,0.9896921478908366
VAR1,6,all,6,80.741393353907,26.20074370873048,-6.2163010533646785,2.5820158239014392,0.0008606664795906039,0.9999243824791508
VAR1,7,all,6,9.029459863620767,2.922793543312767,0.20220156522822497,0.2665692545863153,0.0008606664795906039,0.9999243824791508
VAR1,8,all,6,6.435328484338958,2.988947331066685,0.4334173106828878,0.2655318294138891,0.0008606664795906039,0.9999243824791508
VAR1,9,all,6,5.6946304156878105,2.621812309996449,0.4968325191957854,0.23461981333808296,0.0008606664795906039,0.9999243824791508
VAR1,10,all,6,6.012948148049906,3.0382812155408607,0.4730398658515801,0.2674525700131481,0.0008606664795906039,0.9999243824791508
VAR2,1,all,3,32.48830108121096,3.812859448079806,0.29567180905835705,0.024072833803528405,32.18749146967376,0.3046717878954919
VAR2,2,all,3,20.879366612022956,2.673120270474691,0.5477564492239926,0.024734385077991094,20.019330250191572,0.5675350481113817
VAR2,3,all,3,9.633387255813734,1.1005003969402312,0.7908808707996415,0.013589053424837691,9.067577999537958,0.8041099232000686
VAR2,4,all,3,3.5727074729276778,0.44599818001035385,0.9226299639678315,0.0026328869944406757,3.1019705603366683,0.9330052911539004
VAR2,5,all,3,1.3766537889035284,0.14964454127036886,0.9699721981596007,0.003353656065443175,1.1452408422749238,0.9752494830497838
VAR2,6,all,3,0.5956031006947053,0.07291722135973784,0.9868691903357961,0.002471018996827663,0.4368909524547321,0.9905488989133087
VAR2,7,all,3,0.33071733219745647,0.048629668036575556,0.9927431667865582,0.0013214149731255165,0.22362626177833556,0.9951634795568823
VAR2,8,all,3,0.2888385712276382,0.05390781484375721,0.9936320341622931,0.0015501394587731847,0.16678604856752668,0.9963925102469272
VAR2,9,all,3,0.3282321268516997,0.08024429529868365,0.9926937510267582,0.0023010263910467695,0.14718109788834316,0.9968148940919918
VAR2,10,all,3,0.37220683435794494,0.07445002689418491,0.9917746076400776,0.001951422646292169,0.12942569792669983,0.9971994527217207
VAR2,11,all,3,0.46322985681703255,0.04021658427143026,0.9898187084723146,0.0015230447866611684,0.10967410346410193,0.9976278559910476
VAR2,12,all,3,1.0137973162190081,0.4051419056523076,0.9776882409449783,0.009178834538244066,0.08708693295325673,0.9981163792085738
VAR2,13,all,3,6.48064451921352,3.4488861932740815,0.8595908023194433,0.07338310128896419,0.06484135162983314,0.9985962405267859
VAR2,14,all,3,48.43569734748321,26.35758662285231,-0.06056319451973502,0.5710033096962076,0.04294034533013135,0.9990730225801354
VAR2,15,all,3,75.05162475419266,39.72665017121016,-0.6561910233491679,0.86979061864501,0.03299966090525636,0.999287757690718
VAR2,16,all,3,201.92774165963837,70.0663867551992,-3.437836770398362,1.6161558134455039,0.02739810213140529,0.9994093175321211
VAR2,17,all,3,289.51923669180377,112.91729516463327,-5.52499331440157,2.8159762745312493,0.024674874713993693,0.99946777335519
VAR2,18,all,3,401.5466302436996,77.70306770910308,-7.893964882578149,2.1509357627382584,0.023033920025297677,0.9995032450769565
VAR2,19,all,3,466.6194987449413,139.10638126306196,-9.394340905413273,3.399989493267291,0.022601155372518493,0.9995124112633661
VAR2,20,all,3,592.1284442162988,149.0953691003171,-12.040855418331573,3.521232250171739,0.022242506079819657,0.9995200670397297
