Problem,Model,Degree,Features,Alpha,CV MSE,CV MSE std,CV R2,CV R2 std,Train MSE,Train R2
VAR1,Ridge,3,"x1, x2, x3, x4, x5, x6",0.001,1.0799514008214683,0.12142813292755898,0.9042278031855069,0.016937095405906467,0.8298523577929379,0.9277902480362551
VAR1,Ridge,3,"x1, x2, x3, x4, x5, x6",0.01,1.0799311085998045,0.12141685373116806,0.9042296638406455,0.016935884212194496,0.8298523769943624,0.9277902463666152
VAR1,Ridge,3,"x1, x2, x3, x4, x5, x6",0.1,1.0797309474413077,0.12130517381887054,0.9042480238794036,0.016923866422691867,0.8298542820598633,0.927790080712785
VAR1,Ridge,3,"x1, x2, x3, x4, x5, x6",0.3,1.0793036911155678,0.1210640606881819,0.9042872575110401,0.016897757972967206,0.8298693833043856,0.9277887675771928
VAR1,Ridge,3,"x1, x2, x3, x4, x5, x6",1.0,1.0779847541574084,0.12029106390638865,0.9044088251711238,0.016812368933939288,0.8300309080848667,0.9277747215853968
VAR1,Ridge,3,"x1, x2, x3, x4, x5, x6",3.0,1.0754478754910766,0.118570812857173,0.9046463126061788,0.016609627114014713,0.8312376973261012,0.9276697709178879
VAR1,Ridge,3,"x1, x2, x3, x4, x5, x6",10.0,1.0751008148098884,0.11560548175384262,0.90471799024969,0.01616390332136342,0.8403406287451933,0.9268779652817537
VAR1,Ridge,4,"x1, x2, x3, x4, x5, x6",0.001,0.8214132661420571,0.1101474440612142,0.9269686682557463,0.01518675676055551,0.370310618145666,0.9677774940036965
VAR1,Ridge,4,"x1, x2, x3, x4, x5, x6",0.01,0.8211732142455446,0.11021839244361248,0.9269897513756973,0.015189002178278788,0.3703107305988576,0.9677774842159252
VAR1,Ridge,4,"x1, x2, x3, x4, x5, x6",0.1,0.8188509191950167,0.11089852909680155,0.927193826467206,0.015209876327569136,0.37032161837405403,0.9677765365638364
VAR1,Ridge,4,"x1, x2, x3, x4, x5, x6",0.3,0.8141527398748721,0.1122353088685452,0.9276073758792114,0.015246852043311698,0.3704031043328362,0.9677694442707994
VAR1,Ridge,4,"x1, x2, x3, x4, x5, x6",1.0,0.8014735746380903,0.1154841527689436,0.9287293638301041,0.015299341669135902,0.3711424676769396,0.9677050955091662
VAR1,Ridge,4,"x1, x2, x3, x4, x5, x6",3.0,0.7818144741164107,0.11879986188679466,0.9304984198247082,0.015140543442039939,0.375086653857524,0.9673618734667716
VAR1,Ridge,4,"x1, x2, x3, x4, x5, x6",10.0,0.764290537137254,0.11861302510127278,0.9321847460275514,0.014246781812561641,0.39295195473511935,0.9658077388772337
VAR1,Ridge,5,"x1, x2, x3, x4, x5, x6",0.001,1.6534529455018407,0.4516515482670493,0.8549173898197688,0.03966337127169239,0.11850157732032103,0.9896921351305975
VAR1,Ridge,5,"x1, x2, x3, x4, x5, x6",0.01,1.6118823643322855,0.4445153714538288,0.8584743274481396,0.039191944713904185,0.1185149299803574,0.9896909707780347
VAR1,Ridge,5,"x1, x2, x3, x4, x5, x6",0.1,1.346697369306304,0.3943541952857417,0.8813105386471116,0.03547070813920764,0.11924203671227944,0.9896276553990286
VAR1,Ridge,5,"x1, x2, x3, x4, x5, x6",0.3,1.0942191155425796,0.3205237973820766,0.9033094626366424,0.02927125931373698,0.1215970317050196,0.9894228035323461
VAR1,Ridge,5,"x1, x2, x3, x4, x5, x6",1.0,0.8201819024045249,0.1928548527729523,0.9274976623423224,0.018129049350792896,0.128476789840056,0.9888245239901166
VAR1,Ridge,5,"x1, x2, x3, x4, x5, x6",3.0,0.6357342983891658,0.09603545725483195,0.9438991148143115,0.009593608850754554,0.14105224306433098,0.9877310996041813
VAR1,Ridge,5,"x1, x2, x3, x4, x5, x6",10.0,0.5196147954503211,0.06675252887381401,0.9541626527039966,0.007078281245137069,0.16679279398019,0.9854930159324773
VAR1,Ridge,6,"x1, x2, x3, x4, x5, x6",0.001,50.17934792003997,17.18524275737195,-3.5765225534517775,1.9895954555959163,0.0014401008312154124,0.999874056132845
VAR1,Ridge,6,"x1, x2, x3, x4, x5, x6",0.01,20.563128616983555,7.200322733915905,-0.8683426187285832,0.7909892897514139,0.006174340374702347,0.9994638663238288
VAR1,Ridge,6,"x1, x2, x3, x4, x5, x6",0.1,5.532950784262965,1.755929548531531,0.5042376203215195,0.17560133705127023,0.023876365049294454,0.9979264368478699
VAR1,Ridge,6,"x1, x2, x3, x4, x5, x6",0.3,3.1441757472882452,1.068283584483119,0.7213572858544613,0.09861632593404274,0.038364918544213325,0.996666943808145
VAR1,Ridge,6,"x1, x2, x3, x4, x5, x6",1.0,1.7473941325186608,0.6097242647712406,0.8462586184337285,0.05444236659848412,0.058381158756908344,0.9949262988425716
VAR1,Ridge,6,"x1, x2, x3, x4, x5, x6",3.0,1.0737881473565467,0.3080986185994558,0.9055158442280403,0.027661310705780106,0.0811609289334004,0.9929445300943256
VAR1,Ridge,6,"x1, x2, x3, x4, x5, x6",10.0,0.7160760515618554,0.14191098756251402,0.9367663422879646,0.01377695743199091,0.115055639211927,0.9899947439841805
VAR1,Lasso,3,"x1, x2, x3, x4, x5, x6",0.0001,1.079233552843034,0.12099170586009285,0.9042929015674481,0.01689928964519134,0.8298605547107858,0.9277895344100895
VAR1,Lasso,3,"x1, x2, x3, x4, x5, x6",0.0003,1.077756879274805,0.12014897407742502,0.9044262322232411,0.01682833620905391,0.8299244407804128,0.9277839738885394
VAR1,Lasso,3,"x1, x2, x3, x4, x5, x6",0.001,1.0731206035330867,0.11703516271580554,0.9048467088174952,0.016573929685728173,0.8306308600443068,0.9277224490154872
VAR1,Lasso,3,"x1, x2, x3, x4, x5, x6",0.003,1.0660203254745981,0.10825326662250226,0.9055023401758033,0.015936598001203145,0.8361238467683734,0.9272440937554173
VAR1,Lasso,3,"x1, x2, x3, x4, x5, x6",0.01,1.0643783306822108,0.08432673824196252,0.9058306434119225,0.013594111492697717,0.87293526121605,0.9240404408600827
VAR1,Lasso,3,"x1, x2, x3, x4, x5, x6",0.03,1.1445852662659537,0.08463551813491547,0.8991426735952623,0.01100679211971309,0.99630645958715,0.9133049301125332
VAR1,Lasso,3,"x1, x2, x3, x4, x5, x6",0.1,1.476798633241648,0.14836876716852107,0.8701778340971356,0.014016446991842145,1.347413290215687,0.8827921449419494
VAR1,Lasso,4,"x1, x2, x3, x4, x5, x6",0.0001,0.8114586166036928,0.10991138690949633,0.9278507842120047,0.015078649228142732,0.3703921010170368,0.9677703925041555
VAR1,Lasso,4,"x1, x2, x3, x4, x5, x6",0.0003,0.7941558873465795,0.10898365953169153,0.9293847202255174,0.014863487598838447,0.3709889475355739,0.9677183927303534
VAR1,Lasso,4,"x1, x2, x3, x4, x5, x6",0.001,0.7533395879193943,0.10061463475743924,0.9330262987551666,0.013900476685361419,0.3760601408120289,0.9672773638287108
VAR1,Lasso,4,"x1, x2, x3, x4, x5, x6",0.003,0.701920936427245,0.07166010587761995,0.9378273784725458,0.010413217281586515,0.398164581017838,0.965355037062333
VAR1,Lasso,4,"x1, x2, x3, x4, x5, x6",0.01,0.6702965734719764,0.05900230771575699,0.9408905050932184,0.007557266584888802,0.46199192356813923,0.9598008242519676
VAR1,Lasso,4,"x1, x2, x3, x4, x5, x6",0.03,0.7561539729658431,0.08314553540005874,0.9338078142546431,0.0046992829414809955,0.5987039868822543,0.947923334939863
VAR1,Lasso,4,"x1, x2, x3, x4, x5, x6",0.1,1.1751905016646669,0.12540279400179344,0.8968325357560867,0.01041724614753517,1.0044756834131245,0.9126490579501073
VAR1,Lasso,5,"x1, x2, x3, x4, x5, x6",0.0001,1.0756322726736243,0.31837604836810474,0.9048880621362247,0.029156399309139373,0.12106127134641669,0.9894694730355058
VAR1,Lasso,5,"x1, x2, x3, x4, x5, x6",0.0003,0.756561335739144,0.16520913899607376,0.9331268118546197,0.01567172708028002,0.1302903207839177,0.9886662675956487
VAR1,Lasso,5,"x1, x2, x3, x4, x5, x6",0.001,0.49961650458494,0.06589400155137083,0.9560623279853502,0.006103254991261111,0.15555898812474356,0.9864710076763098
VAR1,Lasso,5,"x1, x2, x3, x4, x5, x6",0.003,0.398200963478922,0.04213007582067727,0.9650058459269939,0.003879911884806298,0.1907157715903184,0.9834148010145494
VAR1,Lasso,5,"x1, x2, x3, x4, x5, x6",0.01,0.360046038447016,0.032353112750979275,0.9683477576155232,0.003144106692727315,0.2406246952197407,0.9790687732726162
VAR1,Lasso,5,"x1, x2, x3, x4, x5, x6",0.03,0.41947982322841526,0.03630584210871967,0.9632143675806386,0.0024954572594881124,0.3312401303191168,0.9711904620104184
VAR1,Lasso,5,"x1, x2, x3, x4, x5, x6",0.1,0.9061610944308711,0.06842676280537442,0.9202318253512665,0.007965696876050633,0.7443295856322673,0.9352623108183782
VAR1,Lasso,6,"x1, x2, x3, x4, x5, x6",0.0001,3.800434518488513,1.2191453382361048,0.6628456973226957,0.11462647024511138,0.0339874799009222,0.9970474514622367
VAR1,Lasso,6,"x1, x2, x3, x4, x5, x6",0.0003,1.4777062387170872,0.4359695306080342,0.8703513229924853,0.038385023891978336,0.06654425673389039,0.9942178056380442
VAR1,Lasso,6,"x1, x2, x3, x4, x5, x6",0.001,0.7153132983224804,0.1675228706942701,0.9369739683997421,0.015315184619359242,0.1118738832802533,0.9902731437046193
VAR1,Lasso,6,"x1, x2, x3, x4, x5, x6",0.003,0.4720351603936629,0.05180062333383035,0.9584422502822745,0.00525471881744633,0.16459325701391747,0.9856853603247586
VAR1,Lasso,6,"x1, x2, x3, x4, x5, x6",0.01,0.37781857668780844,0.032790652809784764,0.9668039272474098,0.0030297453046232927,0.22862471321744202,0.9801152571361023
VAR1,Lasso,6,"x1, x2, x3, x4, x5, x6",0.03,0.4342140182277179,0.03557949455817546,0.9618944251406006,0.0027399058543856676,0.32640192354983666,0.971612247861982
VAR1,Lasso,6,"x1, x2, x3, x4, x5, x6",0.1,0.9168359742709796,0.0787976007440888,0.9193099313953187,0.008543624390273346,0.7363525174463045,0.9359554354527022
VAR2,Ridge,7,"x1, x2, x3",0.001,0.3305953488109995,0.04858299717940544,0.992746122533996,0.0013187780241774795,0.22362974244356573,0.9951634044998368
VAR2,Ridge,7,"x1, x2, x3",0.01,0.32997266791894236,0.04830920293383264,0.9927616789505121,0.0013022017723494867,0.22387918226262568,0.9951580237954507
VAR2,Ridge,7,"x1, x2, x3",0.1,0.33242748786613896,0.04930599754412275,0.9927124436726243,0.0013044312011374311,0.22905904505002006,0.9950461367811053
VAR2,Ridge,7,"x1, x2, x3",0.3,0.3425676331815114,0.05498230654017487,0.9924928813868406,0.0014201740454511922,0.23957996492867523,0.994818677429096
VAR2,Ridge,7,"x1, x2, x3",1.0,0.38121893940389706,0.07044828043473086,0.9916529249851905,0.0017411674934201893,0.27240941351286774,0.9941089419354989
VAR2,Ridge,7,"x1, x2, x3",3.0,0.4677613480387201,0.0883746989215045,0.98976747409277,0.002125862406295667,0.343206620229925,0.9925786098195936
VAR2,Ridge,7,"x1, x2, x3",10.0,0.6358436380545418,0.09727407924564356,0.9861050419182457,0.002312086502586701,0.48477506699187467,0.989517852762632
VAR2,Ridge,8,"x1, x2, x3",0.001,0.288040377510674,0.05310711356529364,0.993650999441428,0.0015279486835782642,0.16679888674246154,0.9963922340988052
VAR2,Ridge,8,"x1, x2, x3",0.01,0.2838999051715735,0.04802688923400859,0.9937511921542228,0.0013854160550467243,0.16750658787473716,0.9963770001773499
VAR2,Ridge,8,"x1, x2, x3",0.1,0.2807818596223933,0.03810629773879072,0.9938397558342673,0.0010887469437686533,0.17622034191674282,0.9961891850038735
VAR2,Ridge,8,"x1, x2, x3",0.3,0.28623081447726273,0.03763402281666821,0.9937206600357135,0.001084717323693358,0.18749504820282883,0.9959456766152457
VAR2,Ridge,8,"x1, x2, x3",1.0,0.3039759799898687,0.04353671394731841,0.9933210532684456,0.001271651568762159,0.209192516741537,0.995476413419939
VAR2,Ridge,8,"x1, x2, x3",3.0,0.3405446325377605,0.05502015062298788,0.9925028965981377,0.0015983788316541337,0.244006560273662,0.9947230096609312
VAR2,Ridge,8,"x1, x2, x3",10.0,0.43584216852337254,0.06488688407978119,0.9903994614468481,0.0019569341573406444,0.32442012132901765,0.9929828222754743
VAR2,Ridge,9,"x1, x2, x3",0.001,0.32133954763234057,0.07504475286322128,0.9928516623472925,0.0021715610401664355,0.14740079221956467,0.9968101704631149
VAR2,Ridge,9,"x1, x2, x3",0.01,0.30044789921786497,0.05853805576133891,0.9933310334101663,0.001763301159204077,0.14957675625689348,0.9967632005855132
VAR2,Ridge,9,"x1, x2, x3",0.1,0.2756892983831464,0.04094761920576466,0.9939158084048154,0.0012556887492129831,0.1598054966700188,0.9965425441773327
VAR2,Ridge,9,"x1, x2, x3",0.3,0.27239575917014075,0.0408084094493067,0.9940029391277163,0.0011847367518298714,0.16999958435922627,0.9963225679923072
VAR2,Ridge,9,"x1, x2, x3",1.0,0.2780243924809976,0.04425873520742113,0.9938860071503779,0.0012323941323791963,0.1859955040079749,0.9959769850076373
VAR2,Ridge,9,"x1, x2, x3",3.0,0.296839421917081,0.05085917873588824,0.9934704480651952,0.001394477425197497,0.20947807451177508,0.9954692140668093
VAR2,Ridge,9,"x1, x2, x3",10.0,0.3549355605068151,0.06057982369948804,0.9921864159553305,0.0016856877724504536,0.26336254540059656,0.9943036351959711
VAR2,Ridge,10,"x1, x2, x3",0.001,0.3377541798590344,0.06047609308047592,0.9925364654349034,0.0016717791728953165,0.13112223696543296,0.9971628784604999
VAR2,Ridge,10,"x1, x2, x3",0.01,0.2997057914451301,0.05039177264367404,0.9933652224893844,0.0015360969919406022,0.1376791309983369,0.9970211280561985
VAR2,Ridge,10,"x1, x2, x3",0.1,0.2735961253975812,0.044413686159246374,0.9939515497366337,0.0013724795422364073,0.14983483430897365,0.996758288184777
VAR2,Ridge,10,"x1, x2, x3",0.3,0.2659691952597674,0.040412856277269385,0.994131195973013,0.0012476689119817568,0.1582278724673726,0.9965770655057655
VAR2,Ridge,10,"x1, x2, x3",1.0,0.2651049360718501,0.03935326047413142,0.9941581729357758,0.0011962302407777228,0.17058471107246703,0.9963101951993648
VAR2,Ridge,10,"x1, x2, x3",3.0,0.27476503764090754,0.04162656261426025,0.9939426174395225,0.0012652242206873392,0.18818366889068622,0.9959297168995176
VAR2,Ridge,10,"x1, x2, x3",10.0,0.3091583572415072,0.04801622258181269,0.9931681100561797,0.0015031091701794737,0.22607222865756146,0.9951100000486045
VAR2,Ridge,11,"x1, x2, x3",0.001,0.3682000740525902,0.06033447827389955,0.9918579649934542,0.0017647747715076685,0.11751711439694704,0.9974576424734332
VAR2,Ridge,11,"x1, x2, x3",0.01,0.3222370918806351,0.06329924982600216,0.9928549693370059,0.00184480405127456,0.12908556008443278,0.9972070808465547
VAR2,Ridge,11,"x1, x2, x3",0.1,0.2867591823327103,0.054800754361475496,0.9936411746682919,0.0016388491918921503,0.14388326937048795,0.9968868214611112
VAR2,Ridge,11,"x1, x2, x3",0.3,0.27226270133067937,0.046157214345225295,0.9939737266514473,0.0014069198225609826,0.15207219483485326,0.9967096604020256
VAR2,Ridge,11,"x1, x2, x3",1.0,0.2642882842200106,0.04285133231271398,0.994163851625045,0.0012731199204756673,0.16343739402650362,0.9964640230331897
VAR2,Ridge,11,"x1, x2, x3",3.0,0.2683798852937872,0.044409404307646685,0.9940798667269091,0.0012825390669358738,0.1792051758819718,0.9961232266687807
VAR2,Ridge,11,"x1, x2, x3",10.0,0.29446854952538387,0.04806942026468583,0.9935000900240191,0.0014137048274677057,0.2126937960005463,0.9953990131519845
VAR2,Lasso,7,"x1, x2, x3",0.0001,0.33011347721695644,0.047423647613291015,0.9927586525282152,0.0012850369464910744,0.22533618094676852,0.9951265136381956
VAR2,Lasso,7,"x1, x2, x3",0.0003,0.3388315620539924,0.049424646835784826,0.9925716581232287,0.0013176008875039663,0.23396941531731058,0.9949397931706974
VAR2,Lasso,7,"x1, x2, x3",0.001,0.367916417745996,0.06059349537291421,0.9919485074335415,0.0015055300372488686,0.26091942941748714,0.9943575792449003
VAR2,Lasso,7,"x1, x2, x3",0.003,0.4644262654522119,0.09181501063873512,0.989850118288952,0.002146513154004121,0.33228736560216215,0.992815042570711
VAR2,Lasso,7,"x1, x2, x3",0.01,0.6792336386253425,0.09653624817766322,0.9851301595843696,0.002423027776692512,0.5232089175692967,0.9886900408920024
VAR2,Lasso,7,"x1, x2, x3",0.03,1.0609573006266166,0.11759039022863187,0.9768359269842142,0.002832601543017676,0.8546946398436933,0.9815150979627034
VAR2,Lasso,7,"x1, x2, x3",0.1,1.967836579310768,0.3016178939784977,0.957306142544949,0.005249650054379132,1.6756432174917304,0.9637589519041174
VAR2,Lasso,8,"x1, x2, x3",0.0001,0.28303740032223806,0.042365369380623685,0.993785211875507,0.0012010388433995758,0.17283014540725777,0.9962619626401322
VAR2,Lasso,8,"x1, x2, x3",0.0003,0.29219407120715835,0.03725473917117382,0.9935954643965113,0.0010535969496511693,0.1864861884661923,0.9959676107488994
VAR2,Lasso,8,"x1, x2, x3",0.001,0.31279868613428746,0.041856724743291635,0.9931372644912091,0.0012056897383948325,0.21394688399845513,0.9953744207722514
VAR2,Lasso,8,"x1, x2, x3",0.003,0.36331873269454473,0.0655609448746976,0.9920080274948256,0.0017735427508494463,0.256980863393571,0.9944428110626194
VAR2,Lasso,8,"x1, x2, x3",0.01,0.5035176265064413,0.07812122064116502,0.9888748306742571,0.0023794440690919324,0.3803713642457115,0.9917741518306098
VAR2,Lasso,8,"x1, x2, x3",0.03,0.828230164626574,0.09445063495258818,0.9817912053670282,0.0030059575539789505,0.6539329297331101,0.9858520050091532
VAR2,Lasso,8,"x1, x2, x3",0.1,1.708863850746186,0.26629375915066633,0.9628162729773886,0.005594186681527935,1.4046424460038276,0.9696111840820828
VAR2,Lasso,9,"x1, x2, x3",0.0001,0.277586834420935,0.043052147177438514,0.9938695063695329,0.0013184086199750926,0.15911652698559275,0.9965570832518476
VAR2,Lasso,9,"x1, x2, x3",0.0003,0.27794121670912786,0.04298458533330978,0.9938796440235349,0.0012414159886187093,0.1730350023757297,0.9962567857919323
VAR2,Lasso,9,"x1, x2, x3",0.001,0.2861988062782813,0.04695095124600343,0.9937029703879287,0.001308693464882736,0.1920379392082628,0.9958464362125931
VAR2,Lasso,9,"x1, x2, x3",0.003,0.3238616826886597,0.06268349848635667,0.9928752366673477,0.0016500420362805346,0.22717490838672477,0.9950861800903577
VAR2,Lasso,9,"x1, x2, x3",0.01,0.42784423564083773,0.06553235857267586,0.9905798124453664,0.0019014966613333133,0.32116253327895017,0.9930538610975745
VAR2,Lasso,9,"x1, x2, x3",0.03,0.7407604608394057,0.07517007800818333,0.9837054504119818,0.002607128685587633,0.5902617091501113,0.9872293663108243
VAR2,Lasso,9,"x1, x2, x3",0.1,1.5397573848926451,0.2466474882407402,0.9664432996377184,0.0055495481558867805,1.264030402023429,0.9726555980071426
VAR2,Lasso,10,"x1, x2, x3",0.0001,0.2743297648320143,0.045087669500720635,0.9939340026367895,0.001393772185175375,0.15157060972161746,0.9967205685552928
VAR2,Lasso,10,"x1, x2, x3",0.0003,0.2688144888090928,0.03910447146169791,0.9940710706310881,0.001224682063981011,0.16343694113958115,0.9964643667964221
VAR2,Lasso,10,"x1, x2, x3",0.001,0.26960747606004604,0.039405429978030926,0.9940616752075975,0.0011919123515445346,0.17859560714865755,0.9961367708932316
VAR2,Lasso,10,"x1, x2, x3",0.003,0.29756660767890303,0.04992725828461559,0.9934478006842727,0.0013931366997276494,0.2066273126375659,0.9955311449858153
VAR2,Lasso,10,"x1, x2, x3",0.01,0.3929402475254344,0.044685151995077325,0.9913408863121573,0.0015067119439770345,0.29368111207402786,0.993647381642042
VAR2,Lasso,10,"x1, x2, x3",0.03,0.6840481410498234,0.0765303862834081,0.9849342344073507,0.0025896425062860427,0.5433492970102406,0.9882447141482574
VAR2,Lasso,10,"x1, x2, x3",0.1,1.524086097277058,0.25784688926797583,0.9667410022910643,0.0060625384873303195,1.224614418734675,0.9735083481907545
VAR2,Lasso,11,"x1, x2, x3",0.0001,0.28608721825883954,0.055242566126252585,0.9936530093017858,0.001658193247855225,0.14678599036178153,0.9968236855695011
VAR2,Lasso,11,"x1, x2, x3",0.0003,0.2676656603917066,0.03999199580435365,0.9940847229362486,0.0012645894297842848,0.15862459363625406,0.9965679366925636
VAR2,Lasso,11,"x1, x2, x3",0.001,0.2675202313699939,0.04172762212074893,0.994102196149654,0.0012335285439685343,0.17357474140668516,0.9962449677783134
VAR2,Lasso,11,"x1, x2, x3",0.003,0.29499165198693367,0.05762451952343763,0.9934996145849707,0.001524872829176314,0.2009247623868579,0.9956535474197225
VAR2,Lasso,11,"x1, x2, x3",0.01,0.376744221294791,0.0465396133763659,0.9917016244535335,0.001467374426453527,0.28051903378691057,0.9939319772125221
VAR2,Lasso,11,"x1, x2, x3",0.03,0.6619089706770592,0.07754575527107718,0.9854405924427851,0.002488770142404027,0.5244576653657858,0.9886566460569352
VAR2,Lasso,11,"x1, x2, x3",0.1,1.4761844508488875,0.27091662588177184,0.9677779981520231,0.006387932221827346,1.188143395699193,0.9743005795346527
